Subreddit,Post Title,Original URL,Author,Comment Text,vader_score
UIUC,How are HERE apartments?,https://www.reddit.com/r/UIUC/comments/tnxolc/how_are_here_apartments/,[deleted],It’s physically nice but the apartments are not very large at all and the bedrooms are TINY. i mean I’ve been in a lot of apartments on campus and they’re some of the smallest,0.2263
UIUC,How are HERE apartments?,https://www.reddit.com/r/UIUC/comments/tnxolc/how_are_here_apartments/,cylka7,I have friends who live there and on move in day the place was trashed and the light in the bathroom wasn’t working.,0.4767
UIUC,How are HERE apartments?,https://www.reddit.com/r/UIUC/comments/tnxolc/how_are_here_apartments/,Marchingbanddick,Not worth,-0.1695
UIUC,How are HERE apartments?,https://www.reddit.com/r/UIUC/comments/tnxolc/how_are_here_apartments/,shanburn,"The amenities are nice. The rooms are very small and the walls are paper thin. It’s one of the better deals on campus. Ultimately I don’t regret living there, but I would really consider who you pick as roommates.",0.2382
UIUC,How are HERE apartments?,https://www.reddit.com/r/UIUC/comments/tnxolc/how_are_here_apartments/,These_Carpenter_8346,Terrible https://www.yelp.com/biz/here-champaign-champaign-3?hrid=KcaVFPlhOGhjXa2meriFrQ&amp;utm_source=ishare&amp;utm_content=review,-0.4767
UIUC,How are HERE apartments?,https://www.reddit.com/r/UIUC/comments/tnxolc/how_are_here_apartments/,These_Carpenter_8346,Really bad https://www.yelp.com/biz/here-champaign-champaign-3?hrid=KcaVFPlhOGhjXa2meriFrQ&amp;utm_source=ishare&amp;utm_content=review,-0.5849
UIUC,How are Here apartments?,https://www.reddit.com/r/UIUC/comments/9mjhe2/how_are_here_apartments/,TheFirstAndrew,"Wildly overpriced, shitty construction with fake plastic amenities stapled on plywood walls, filled to near overflowing with over-entitled and shitty children - most of whom will be bitching that there aren't enough elevators.  They're exactly like all the other campus town ""luxury"" apartments",-0.8720
UIUC,How are Here apartments?,https://www.reddit.com/r/UIUC/comments/9mjhe2/how_are_here_apartments/,DrFredNES,It sucks. The bedrooms are super tiny. You can find much better apartments for the same price.,0.6486
UIUC,How are Here apartments?,https://www.reddit.com/r/UIUC/comments/9mjhe2/how_are_here_apartments/,[deleted],"This was one of the first massive apartment buildings built *here*. Though the price is somewhat warranted by the location, competition has caused a lot of new companies to construct buildings of much higher quality at significantly lower costs, meaning rent is much cheaper at these new buildings. If you can survive without living on Green and having unnecessary amenities that they try to convince you that you need, then you'll be much better off going for a newer building. Also, IMO the underground parking garage at that building seems horribly inconvenient.",-0.4767
UIUC,How are Here apartments?,https://www.reddit.com/r/UIUC/comments/9mjhe2/how_are_here_apartments/,antipremed,"I currently live at HERE. Bed rooms are tiny, living rooms are okay, and the location is great. Building always seems half a step behind what the maintenance needs. Common complaints are that the hot tub never seems to be cleaned and most of the amenities that they brag about close at midnight (my friends and I are night owls so we rarely get to use them). Most of the building isnt really finished (concrete unpainted walls, exposed pipes) but they market that as a feature. The view from the upper floors is pretty good though. I can actually see Joes and Lion from my living room.  Its certainly an upgrade from the dorms (which I feel are the biggest scam a uni has every run), but its location is prime. I will not be renewing the lease. For around 600$ you can find almost the same thing without any of the ""amenities"" (small gym, crappy hot tub, dirty deck, slow elevators, limit on free utilities, nice theatre \[when it is clean\]), and pocket the $200+ difference as booze money (my plan).  While I dont regret living here, its kinda a one and done thing. Next is another smaller building and then a huge house my senior year with a bunch of my friends.",0.9694
UIUC,How are Here apartments?,https://www.reddit.com/r/UIUC/comments/9mjhe2/how_are_here_apartments/,These_Carpenter_8346,Terrible  https://www.yelp.com/biz/here-champaign-champaign-3?hrid=KcaVFPlhOGhjXa2meriFrQ&amp;utm_source=ishare&amp;utm_content=review,-0.4767
UIUC,Opinions on HERE apartments?,https://www.reddit.com/r/UIUC/comments/mg7zed/opinions_on_here_apartments/,[deleted],"Lived there for a year, no complaints besides the small room. Idk what the other guy is saying though, I fit a 63 inch length desk just fine in my room. The maintenance I’d say was excellent. I’d submit a request and it would almost always get filled the same day within a couple hours in fact. The gym was meh, only 2 benches for free weights specifically and the db were meh as well. Had to go during odd hours to lift peacefully.",0.9295
UIUC,Opinions on HERE apartments?,https://www.reddit.com/r/UIUC/comments/mg7zed/opinions_on_here_apartments/,Warm_Comfort5210,"Tiny tiny bedrooms, say goodbye to having a desk.",0.0000
UIUC,Opinions on HERE apartments?,https://www.reddit.com/r/UIUC/comments/mg7zed/opinions_on_here_apartments/,mashapoil,If price doesn’t matter then tiny bedrooms are the only downside as far as I know.,-0.2263
UIUC,Opinions on HERE apartments?,https://www.reddit.com/r/UIUC/comments/mg7zed/opinions_on_here_apartments/,[deleted],[deleted],0.0000
UIUC,Opinions on HERE apartments?,https://www.reddit.com/r/UIUC/comments/mg7zed/opinions_on_here_apartments/,These_Carpenter_8346,Terrible https://www.yelp.com/biz/here-champaign-champaign-3?hrid=KcaVFPlhOGhjXa2meriFrQ&amp;utm_source=ishare&amp;utm_content=review,-0.4767
UIUC,Dean vs Hub,https://www.reddit.com/r/UIUC/comments/1l0b45y/dean_vs_hub/,haveauser,"both are crazy overpriced, especially the hub but the dean is just as bad.   my friend says the dean is overrated— they were considering living there but thinks it was quite shitty especially for the price after touring.",-0.8171
UIUC,Dean vs Hub,https://www.reddit.com/r/UIUC/comments/1l0b45y/dean_vs_hub/,oknowwhat00,"Glad you have the money, they are both super overpriced! I think from what I've heard, Hub may have slightly better apts. Maybe a little quieter too as it's not right on Green St. Make sure if you are on a quad you don't get the bedroom that doesn't have a window, that would stink. I'm amazed people pay twice what my kids have paid for decent apts but clearly lots of people can afford it.",0.8688
UIUC,Dean vs Hub,https://www.reddit.com/r/UIUC/comments/1l0b45y/dean_vs_hub/,vanishing_grad,"Ischool offices are in the Hub. Some bullshit breaks daily with air conditioning issues, heating issues, pipes exploding, electrical issues, etc etc. not sure that reflects the quality of the apartments but the building does not seem to be built well lol",0.5376
UIUC,Dean vs Hub,https://www.reddit.com/r/UIUC/comments/1l0b45y/dean_vs_hub/,zao_zeeeee,"Lived in both places, basically the first year when both opened.  2020-2021 - Dean 4B4B (Dean opened 2020)  2022-2022 - Hub Murphy (Hub opened 2021, Murphy opened 2022)  2022-2024 - Dean Murphy  They are pretty similar, both developed by the same developer. The Dean is much more convenient.   Nothing really broke the 3.5 years I lived in both places.   The gym is nicer at the Hub.   The Dean is pretty quiet. The Hub was quiet when I was there.   I think the Dean has more international students, while the Hub has more frats and sorority people living there.  For the Murphy, I liked the narrow room layout of the Hub more.   If I were to live in Champaign again, I will probably live at the Dean, due to the convenience to Target and Green St.",0.9306
UIUC,How is The Hub apartment?,https://www.reddit.com/r/UIUC/comments/spqi6b/how_is_the_hub_apartment/,Sanityzx,"As someone who lives in the hub I can say it is not worth it. If you're going for a luxury apartments there are probably better options (minus 707). I've been into the Dean and Here and have to say they are pretty nice. I'm not sure it's luxury but I think its 212? They have nice apartments. The hub champaign is only worth the price if you want the location. If you want some where close to the main quad or something I can see the appeal.   The hub has small refrigerators for four people. They don't give you shelves and the space is limited. 212 gives you two full refrigerators for four people.   Another thing is that,  for the amount you pay your living room is pretty small. I've been in a few non luxury places and their room or living rooms are nicer. This is a small detail but if you are paying $1000 for rent you should be aware of size.  Management is also questionable. They lose packages, slow at response, and sometimes don't give you straight anwsers.  If you're into sororities or frats it may not be the best place. I don't care about this one but I know a few people who don't like Greek culture. This is kind of expected   Also  I know people here that are paying $860 for a four bed room four bathroom while others pay closer to $1000. It's not because they got a group deal or something they just signed at a cheaper time.  Some goods things are   The gym is nice  The pool is cool   That's about it  If you are going to use your amenities then it might be worth it",0.6222
UIUC,How is The Hub apartment?,https://www.reddit.com/r/UIUC/comments/spqi6b/how_is_the_hub_apartment/,Few_Anteater3523,"Honestly, Seven07 is better imo.",0.7096
UIUC,How is The Hub apartment?,https://www.reddit.com/r/UIUC/comments/spqi6b/how_is_the_hub_apartment/,davidvorebechick,"I would not suggest anyone choose hub. Their living rooms are smaller than many cheaper apartments. Bedrooms are not worth the price either. Many bedrooms like mine are not in good condition. My door cannot be opened unless u push/pull it really hard. My friend’s closet doesn’t have handles. Management is horrible. The time they spend on managing the packages are sometimes even longer than the delivery. Some stuff member are kind, but some act like you took their family’s lives. What I cannot stand the most is that they don’t give straight answers or respond slow af. The gym is mid. Other less pricy apartments provide much better equipments and heavier dumbbells. The location is good tho. But the apartments adjacent are better options.",0.9448
UIUC,Any thoughts on HUB?,https://www.reddit.com/r/UIUC/comments/165zi45/any_thoughts_on_hub/,IIIIllllIllIllllIIII,"Im living at the hub right now, I like it mostly, there are some minor issues but compared to what I've heard about other places it's fine. The location is also very convenient Feel free to pm me if you have any questions about my experience here",0.8314
UIUC,Any thoughts on HUB?,https://www.reddit.com/r/UIUC/comments/165zi45/any_thoughts_on_hub/,oknowwhat00,"It's nice, but super expensive, you can find perfectly good places for about 650/750, college apts don't need to be luxury. If you have unlimited money, go for it. Location is good, but again, other places that are within walking distance of campus are also good too.",0.9790
UIUC,Any thoughts on HUB?,https://www.reddit.com/r/UIUC/comments/165zi45/any_thoughts_on_hub/,Zealousideal_One_820,"One of my friends lives there, its BEAUTIFUL but really expensive, if you can afford it and finance is no biggie i say do it but i have another friend who lives at HERE which is cheaper and imo almost as nice",0.8641
UIUC,Any thoughts on HUB?,https://www.reddit.com/r/UIUC/comments/165zi45/any_thoughts_on_hub/,SnooDoodles2194,"I don't live there but I just wandered in an went to the top floor. You need keys for everything, it's like a fuckin hotel. I asked some guy to open the roof door for me and went out on the top of the building. Pretty cool. Some kids in a different building drew cocks in their windows, so that's a view you'll have in the hub.",0.9313
UIUC,UIUC housing The Hub vs. The Dean…go 😀,https://www.reddit.com/r/UIUC/comments/xbz5b7/uiuc_housing_the_hub_vs_the_deango/,alligatorcurator,Neither. You’re gonna get a much better deal not living in one of those ‘luxury’ apartments.,0.4404
UIUC,UIUC housing The Hub vs. The Dean…go 😀,https://www.reddit.com/r/UIUC/comments/xbz5b7/uiuc_housing_the_hub_vs_the_deango/,Sanityzx,"I've never lived at the Dean, however I've made a few posts and comments about the hub before.  It's a great location, however most of the amenities shut down half way through the year (not sure if the Dean is like that) it's not worth it. There's more to it, but that's the gist.",0.3582
UIUC,UIUC housing The Hub vs. The Dean…go 😀,https://www.reddit.com/r/UIUC/comments/xbz5b7/uiuc_housing_the_hub_vs_the_deango/,ajbe2001,"Neither. As a current hub resident, I can say that management is incompetent and rent is increasing for the entire building for the next year by around $200. The “luxury” apartments on campus are a scam",-0.7783
UIUC,Should I sign the Deans / the Hub?,https://www.reddit.com/r/UIUC/comments/1cxygbb/should_i_sign_the_deans_the_hub/,VastOk8779,If you spent more than 10 minutes looking for an apartment you could save thousands of dollars and find a similar apartment for way cheaper than either of those places would ever charge you,0.4939
UIUC,Should I sign the Deans / the Hub?,https://www.reddit.com/r/UIUC/comments/1cxygbb/should_i_sign_the_deans_the_hub/,OneCartographer8866,"Don’t ever live at the Hub. It’s terrible, the management sucks, the apartments are small and cramped (some don’t even have windows) and extremely overpriced. The only thing that’s good is the convenience. They also advertise having a pool, but it’s literally open for like five weeks of the entire year, the rest of the time the pool and the rooftop area are closed for no reason. Don’t live there, it’s a waste of money.",-0.6249
UIUC,Should I sign the Deans / the Hub?,https://www.reddit.com/r/UIUC/comments/1cxygbb/should_i_sign_the_deans_the_hub/,[deleted],[deleted],0.0000
UIUC,Should I sign the Deans / the Hub?,https://www.reddit.com/r/UIUC/comments/1cxygbb/should_i_sign_the_deans_the_hub/,ConclusionDull2496,"If one is considering these two options, I would say the dean. Both have outrageous prices, but I would quite literally consider the hub people to be scammers / con artists / criminals. I wish they didn't get away with the shady business practices they use.",-0.5423
UIUC,Should I sign the Deans / the Hub?,https://www.reddit.com/r/UIUC/comments/1cxygbb/should_i_sign_the_deans_the_hub/,Finnmom2017,"I DM’d you about a 1 bed, 1 bath apartment I have available to relet at Legacy202 for 2024-25.  I am the only one bedroom apartment they have left.  The Hub, Dean and Legacy202 are all very new buildings, they all are energy efficient, new HVAC, new windows, covered, gated parking and excellent security, you need a fob to get in and for the elevator, they are all within walking distance to campus. If you have the budget, you will have less hassles in these newer buildings and if you are a grad student. There is a reason why these buildings are on waitlists.",0.8750
UIUC,Is the Dean actually that bad?,https://www.reddit.com/r/UIUC/comments/l3ne0n/is_the_dean_actually_that_bad/,[deleted],[deleted],0.0000
UIUC,Is the Dean actually that bad?,https://www.reddit.com/r/UIUC/comments/l3ne0n/is_the_dean_actually_that_bad/,blitz342,The rule of thumb that I’ve heard is never live somewhere that has a name instead of an address. You probably avoid 80% of the shitty management that way.,-0.7003
UIUC,Is the Dean actually that bad?,https://www.reddit.com/r/UIUC/comments/l3ne0n/is_the_dean_actually_that_bad/,uiuc_corn_is_spicy,"I am a resident, and I'll just entail everything good(questionable) and bad off the top of my head about this place because I have a lot to rant about.  The good (kind of):  \-The amenities are pretty nice. This is probably their biggest advertising point, besides offering things like ""free $500 gift card and utilities"" etc. for signing, but the amenities are maintained pretty well. The fitness area has a good amount of equipment and seemed clean when I visited there. The rooftop actually has one of the nicest views of campus I think I've seen so far, and looks like a comfortable hang out area. That is, if they're open. They closed the amenities for like a big chunk of last semester for obvious reasons.   \-The location is also arguably very good. I feel like I don't think I have to walk that far anywhere now, especially compared to when I lived at PAR. It's also pretty convenient to have the new Target at the first floor now, too. The reason I say ""arguably"", though, is because I cannot count all the times I was woken up by bums blasting some extremely bass boosted music at 4 am as they drive down Green Street. It literally makes the windows and walls vibrate. If you want something quiet, the apartments facing Green St probably shouldn't be your top pick. Idk, I'm on the side directly facing Green St though, maybe people on the opposite side of the building don't have this issue, but that's the downside I can come up with about the otherwise good location.  The bad:  \-The shower thing was very much a real issue last semester. The deal with the shower was the shower floor itself was elevated about an inch above the rest of the bathroom floor with nothing to keep the water in, and it was easy for water to just roll out of the shower and pool in the corner of your bathroom. This happened to me twice. They recently installed this plastic barrier thing in everyone's showers (hopefully it's in everyone's shower) so the water won't spill out as easily, and it's noticeably better. Sometimes a little bit escapes but it's less of an issue now so I wouldn't be as concerned about this point.  \-The walls are really thin. I can hear my neighbor having bi-weekly singing competitions with random girls over the phone, since my room is adjacent his the next door apartment apparently, and while this is just harmless virtual partying (I hope?), it is a little strange to hear his muffled singing in my room while I'm doing homework at like 2 am. I'm not gonna bash him about it though, but my point is it's pretty easy to hear what's going on across the walls. If you don't mind loud neighbors, this probably won't be a big deal, but I can see it being a con for most people.  \-The wifi last semester was trash. When I say trash, I mean there would be periods spanning several days where we had to go without any internet, and this was a evidently big deal considering everything was to be done online. It actually started out great like half a week before the fall semester started, no issues at all, but after like 2 weeks and more people moved in it just became really unreliable and stopped randomly. I left early last semester because this was a huge problem for me (and many others), but I heard from some friends who stayed that it got fixed sometime right before winter break? I'm back here now, so far it's doing okay, but I pray it won't turn out like how last semester did.   \-The management does not give a shit about you as soon as your lease is signed. Like actually, this may seem funny on paper but it's probably the worst thing about living here imo, like they just don't see your issues with this place as their priority, and that really sucks. Whenever I called them about anything, there's like a specific thing I feel like they're trained to say, always something along the lines of ""I'm sorry, we can't do anything about this. Please leave your name, phone number, room number and we'll have a manager get back to you about this"". Also, their phone number 50% of the time just redirects you to this offsite answering service and the people there, as nice as they are to talk to, they can't do anything to help except put a note in for the management. If you have a legitimate issue they will put in a work order request and if you're lucky the management will get back to you about it after like 2 weeks. My roommate got locked out of his bedroom one morning because the bedroom locks are unintuitive as hell and it took like 6 calls + 1 trip down to the front desk + half an hour of waiting just to get someone to unlock his door. It's ridiculous how inefficient everything is run here.  &amp;#x200B;  Anyways, that's all I got so far, as you all can probably tell I'm not too fond of this place. If the wifi holds up and you're comfortable spending \~900 a month, it is probably okay here I guess, but as a fact, you can find way better than here in Champaign though, especially within this price range. If you still want a 4b4b ""luxury style"" apartment, and even less $$ than the cost of living here, and still close to the Engineering Quad, I would probably recommend 303 S 5th St or something else. I haven't ever leased with MHM before but I've heard \*better\* things about their properties and management on Reddit than the Dean. Thanks for reading if you made it this far.",0.9992
UIUC,Is the Dean actually that bad?,https://www.reddit.com/r/UIUC/comments/l3ne0n/is_the_dean_actually_that_bad/,East_Web6167,"Hey! I have some friends who are looking for people to join their group deal at The Dean above Target, they’re looking for atleast 3 people to add to their deal which would make it $630 a month for 4 bed 4 bath but even if you don’t have a group of 4 it’s okay because they’re individual leases so you can still sign with fewer people. If anyone is interested, let us know soon!",0.8456
UIUC,WARNING: DO NOT SIGN AT THE DEAN!!,https://www.reddit.com/r/UIUC/comments/xkbkf1/warning_do_not_sign_at_the_dean/,yirinyo,"same problem with the wifi, been down for a week. honestly the dean has a lot of perks and is super nice but management/maintenance downsides are pretty big",0.8316
UIUC,WARNING: DO NOT SIGN AT THE DEAN!!,https://www.reddit.com/r/UIUC/comments/xkbkf1/warning_do_not_sign_at_the_dean/,Acceptable-Mud9710,Thanks for the heads up. Dean was a location I was looking at but I ended up signing with Green St Realty.,0.2382
UIUC,WARNING: DO NOT SIGN AT THE DEAN!!,https://www.reddit.com/r/UIUC/comments/xkbkf1/warning_do_not_sign_at_the_dean/,Gullible-Mine8214,Sounds like the tenants are slobs.,0.3612
UIUC,WARNING: DO NOT SIGN AT THE DEAN!!,https://www.reddit.com/r/UIUC/comments/xkbkf1/warning_do_not_sign_at_the_dean/,cooke1010,"I understand that the place has problems, but why did you use cellular data instead of just going to a university building for the wifi?",-0.2144
UIUC,WARNING: DO NOT SIGN AT THE DEAN!!,https://www.reddit.com/r/UIUC/comments/xkbkf1/warning_do_not_sign_at_the_dean/,Rampant16,Parking garage sounds Grizzly.,0.0000
UIUC,WARNING: DO NOT SIGN AT THE DEAN!!,https://www.reddit.com/r/UIUC/comments/xkbkf1/warning_do_not_sign_at_the_dean/,[deleted],[deleted],0.0000
UIUC,WARNING: DO NOT SIGN AT THE DEAN!!,https://www.reddit.com/r/UIUC/comments/xkbkf1/warning_do_not_sign_at_the_dean/,BBeast333,"**Do not sign with University Group**. They will take most, if not all of your deposit no matter how well you clean. They use invoices by fake companies for painting &amp; cleaning who have no contact info &amp; just found out thru a friend's dad, never filed state of IL taxes, so they are not real companies. I took pictures &amp; videos of my apartment, floors, walls, doors, ceiling, appls, bathroom, toilet, shower, fixtures, furnace, washer/dryer, cabinets, shelves, baseboards, windowsills, absolutely everything upon move in &amp; move out. I did the move in report plus emailed pics to Meg as backup to dings in walls, etc. Left the apt. spotless, cleaned under fridge &amp; stove, it looked better than a model. Got hit with cleaning fee &amp; painting fee. Only dings on walls were ones I emailed Meg about but got hit with a painting fee. Had to write a demand letter and threaten going to court &amp; was told remainder of my deposit will be returned.",-0.5403
UIUC,damn Dean Campustown management like that?,https://www.reddit.com/r/UIUC/comments/1fvftwz/damn_dean_campustown_management_like_that/,x_pinklvr_xcxo,its probably true that dean sucks but unfurtunately outrageous move out fees are pretty much the norm for even mom and pop landlords nowadays. you should always document document document and request proper itemized bills.,0.1154
UIUC,Best Luxury Apartments on Green (need suggestions),https://www.reddit.com/r/UIUC/comments/1nznznt/best_luxury_apartments_on_green_need_suggestions/,collegeaccountlol,"Never stayed in any of them, but I thought the HUB was the coolest.  FWIW, all of these “luxury” student apartments are pretty shit. Overpriced and cheaply constructed. They over-market cool “amenities” that most residents don’t end up using anyways",0.3291
UIUC,Best Luxury Apartments on Green (need suggestions),https://www.reddit.com/r/UIUC/comments/1nznznt/best_luxury_apartments_on_green_need_suggestions/,Not-World,Never in 707. I lived there for two years until last semester.,0.0000
UIUC,Best Luxury Apartments on Green (need suggestions),https://www.reddit.com/r/UIUC/comments/1nznznt/best_luxury_apartments_on_green_need_suggestions/,No-Poet8569,Rent a house instead of paying 1200 for one room. :),0.4588
UIUC,The Dean Campustown Rant,https://www.reddit.com/r/UIUC/comments/jb9iln/the_dean_campustown_rant/,cracktop2727,what did they do? The looks werent decieving to me - any building that does 2 person studio apartments is out to be a fuckin scam. i just wanna know how scammy. lol,-0.2944
UIUC,The Dean Campustown Rant,https://www.reddit.com/r/UIUC/comments/jb9iln/the_dean_campustown_rant/,throwaway-campustown,I used to work there! Toxic toxic people. The day I left was a great day.,0.6588
UIUC,The Dean Apartments,https://www.reddit.com/r/UIUC/comments/s3fyv0/the_dean_apartments/,[deleted],The order of events here seem to be reversed 💀,0.0000
UIUC,The Dean Apartments,https://www.reddit.com/r/UIUC/comments/s3fyv0/the_dean_apartments/,craftycreeper23,Not like reviews are gonna make a difference once you sign. You can't undo the decision in the event of bad reviews,-0.6818
UIUC,The Dean Apartments,https://www.reddit.com/r/UIUC/comments/s3fyv0/the_dean_apartments/,sanjiviyer,What are the reviews gonna do now,0.0000
UIUC,The Dean Apartments,https://www.reddit.com/r/UIUC/comments/s3fyv0/the_dean_apartments/,DrFredNES,It's ridiculously overpriced and a basic search on here would have shown many people who regret living there.,-0.6369
UIUC,ICON Luxury Student Living Ready AUGUST 2021,https://www.reddit.com/r/UIUC/comments/m1zviu/icon_luxury_student_living_ready_august_2021/,lesenum,"EXACTLY what Campustown needs, another ""luxury"" apartment house blighting the landscape. (Snark alert!)",0.3595
UIUC,ICON Luxury Student Living Ready AUGUST 2021,https://www.reddit.com/r/UIUC/comments/m1zviu/icon_luxury_student_living_ready_august_2021/,throwawaymcyeet,"800 a MONTH?? For Green Street Realty?! Good location, but good luck trying to sell that, I think most people at this point have learned lessons about not signing on with apartments that have yet to open but promise the world in August.",0.9271
UIUC,ICON Luxury Student Living Ready AUGUST 2021,https://www.reddit.com/r/UIUC/comments/m1zviu/icon_luxury_student_living_ready_august_2021/,Professional_Flan161,Not the greatest photoshop,-0.5216
UIUC,best/worst off campus apts,https://www.reddit.com/r/UIUC/comments/1n1gouf/bestworst_off_campus_apts/,lizarddickite,"All are bad and just want your money, find an apartment you like in a location you like for a price you can afford",0.2023
UIUC,best/worst off campus apts,https://www.reddit.com/r/UIUC/comments/1n1gouf/bestworst_off_campus_apts/,mrhannu,"JSM is for the most part fine and has lots of one bedrooms close to campus. I’ve heard bad things about Green Street Realty and Seven07 (I remember tenants not having hot water back in 2022 and it still seems to be an issue). You’ll always have disgruntled people flock to the internet when something happens. Use your best judgement when you’re visiting apartments and keep an eye for mold, water damage, pests, and rodents (especially if the place is by a restaurant).   One thing I wish I did differently was rent in Urbana. The landlord/realty company has to inform you beforehand when there’s a tour happening, versus Champaign where they can just walk in unannounced. Was annoying during the first semester and the JSM person actually broke some of the blinds from my balcony, ofc it was already cheap to begin with.  *Edit: Scratch that, JSM sucks too",-0.6728
UIUC,best/worst off campus apts,https://www.reddit.com/r/UIUC/comments/1n1gouf/bestworst_off_campus_apts/,lesenum,"Moisson Properties is ok. It's small, owns apartments west of Downtown Champaign, not far from campus. Not luxury apartments, just decent and relatively affordable, with a good building manager, pretty honest owner. Sad to say that just being OK is the best this community can offer, but it's a fact. There are soooo many bad actors in the CU real estate world. It amazes me there are that many nasty greedy property companies here...",-0.3577
UIUC,best/worst off campus apts,https://www.reddit.com/r/UIUC/comments/1n1gouf/bestworst_off_campus_apts/,No-Poet8569,"Hate university group, they are trash.  Fairlawn also sucked.  I rent with green street and have for the last 2.5 years and have had zero issues  Granted I’m not in a campus apartment, I rent a house off campus so their apartments on campus may be a different story but my experience with the leasing company hasn’t been total trash",-0.4310
UIUC,best/worst off campus apts,https://www.reddit.com/r/UIUC/comments/1n1gouf/bestworst_off_campus_apts/,Suspicious_Apricot55,"I lived at Campus Oaks for 3 yrs and they were pretty okay. I’d target small scale, local landlords that own either a single complex or one or two properties. I have a bedroom available off campus with a local landlord for instance, and am subleasing!",0.6588
UIUC,best/worst off campus apts,https://www.reddit.com/r/UIUC/comments/1n1gouf/bestworst_off_campus_apts/,rzslm,"Havent had any problems or heard anything bad about Roland or Bankier yet, tho Bankier is a bit overpriced.",-0.3054
UIUC,best/worst off campus apts,https://www.reddit.com/r/UIUC/comments/1n1gouf/bestworst_off_campus_apts/,[deleted],Sent you a dm,0.0000
UIUC,Thoughts on Yugo urbana?,https://www.reddit.com/r/UIUC/comments/1g51nty/thoughts_on_yugo_urbana/,Lumpy-Clothes1547,"Its a great place to live honestly. But, that too depends on the type of apartment you plan on living in. I live in a 2b2b corner unit, and i can say that its one of the better apartments here. Have not had any problems with management/maintenance as of such, every request was handled in an appropriate timeline.  Winters are comfortable as well. Again, the electricity bills rocketed up die to excessive heating use, but i guess thats expected.  Feel free to dm if you have more specific questions",0.9476
UIUC,Yugo Apartments,https://www.reddit.com/r/UIUC/comments/13qs9em/yugo_apartments/,[deleted],[deleted],0.0000
UIUC,Yugo Apartments,https://www.reddit.com/r/UIUC/comments/13qs9em/yugo_apartments/,Acceptable_Mine_9581,"Just moved out in July.  They withheld security deposit after we left the place spotless.  Claimed 'smoke damage on walls required repainting"".  No smoking in the unit all year (that is what the balcony is for).  No fire.  No smoke damage to cloth furniture or beds, but somehow smoke damage on walls?  Threatened credit damage if the balance was not paid.  Did not produce any evidence of 'damage' - no pictures, video, not anything.  I felt extorted after we moved out - beware - you will lose your security deposit no matter how clean you leave the place.",-0.9305
UIUC,Thoughts and reviews of Yugo urbana?,https://www.reddit.com/r/UIUC/comments/13qm01i/thoughts_and_reviews_of_yugo_urbana/,[deleted],[deleted],0.0000
UIUC,Thoughts and reviews of Yugo urbana?,https://www.reddit.com/r/UIUC/comments/13qm01i/thoughts_and_reviews_of_yugo_urbana/,[deleted],It's definitely overpriced but the amenities are half decent. It's also on a major road near a trauma one hospital so not gonna be super quiet,-0.7946
UIUC,Any recent reviews/thoughts on living on Yugo?,https://www.reddit.com/r/UIUC/comments/1ea4elr/any_recent_reviewsthoughts_on_living_on_yugo/,MissMusicalEngineer,"Management was ok. Maintenance was pretty quick from what I remember. Spa deck was always closed, but the other amenities like the gym and study room were nice. There were always events with free food. Roommate matching was barely matching and more shoving you into any apartment that needed people.",0.9260
UIUC,Any recent reviews/thoughts on living on Yugo?,https://www.reddit.com/r/UIUC/comments/1ea4elr/any_recent_reviewsthoughts_on_living_on_yugo/,Much-Leg-1834,Dmed,0.0000
UIUC,Honest thoughts on Yugo in Champaign?,https://www.reddit.com/r/UIUC/comments/1furmj0/honest_thoughts_on_yugo_in_champaign/,Accomplished-Cut9902,terrible leasing office,-0.4767
UIUC,living at latitude,https://www.reddit.com/r/UIUC/comments/1hjb3bj/living_at_latitude/,talaron,"No first hand experience, but I considered living there until I read a lot of very negative reviews and experience reports. Admittedly, you can find those for almost any landlord/property, and they might have improved. However, I was also a bit irritated how they approved my application almost instantly and then started spamming me with a $1000 gift card offer when I didn’t sign the lease right away. That all made it look like they are quite desperate for tenants, which ultimately made me go with a different place instead.",-0.6697
UIUC,living at latitude,https://www.reddit.com/r/UIUC/comments/1hjb3bj/living_at_latitude/,Limp-Ad-2939,My gf lives there and while it is nice her sentiment was the same as what the other commenter said.,0.4215
UIUC,living at latitude,https://www.reddit.com/r/UIUC/comments/1hjb3bj/living_at_latitude/,keeanuchungus,"I live there right now. The people are definitely very nice and maintenance is super responsive but the buildings do seem to have a disproportionately high number of issues. I know they’ve had tons of HVAC/AC/Heating issues over the years in the buildings and some individual units, and my unit has had quite a few more issues than my previous apartments (although maintenace is usually pretty quick to help out). That said, the units are pretty nice and quieter than my previous apartments, so if you think it’s a good deal it’s probably worth it.",0.9828
UIUC,About Latitude Apartments,https://www.reddit.com/r/UIUC/comments/15hp7ac/about_latitude_apartments/,Typicalstudent09,"I feel bad for u…… I just finished my 1 year lease, moved out 5 days ago. I can confirm that everything on google review was real. My apartment was at fifth floor, which I had to pay extra to be begin with (did not ask for it) + hidden electricity 60$ fee + hidden insurance monthly fee + premium view monthly fee (only view I got was depressing overgrown grass in the mid yard. My apartment was sitting at 85F (90F when I cook) throughout the entire summer cuz the AC was broken for 2.5 months with no fix. Elevator broken was also broken more than half of the summer, I live on top floor paying extra, I was in hell with the temperature, had to climb up and down 5 floors each time I leave and I had to pay extra???Disgusting management system. Believe me when I say this, maintenance pretty much equals nonexistence. Somehow all AC works in first floor but from second to fifth, there’s no AC, which made me believe that they only kept AC to look good for the tours, but don’t give a shit about anything above first floor. Oh also, my entire hallway smell like absolute trash cuz they don’t clean their trash chute area at all. My stovetop + outlet was also broken when I moved in, took them over a week to 10 days to fix it and I had to charge everything in my bathroom. In short, good luck, don’t renew and do what u can to get out of the lease if u can, not worth the money.   Also, remember this, some other random resident from my building had this conversation before, she told me that apparently Illinois has the law that if an apartment don’t fix things crucial like AC or elevator within 14 days, u don’t have to pay for rent. I wish I knew that during the time, I would’ve fought for that. Spending 1000$ a month on a 1 in 4 bedroom??? Hell no, never again.",-0.8767
UIUC,About Latitude Apartments,https://www.reddit.com/r/UIUC/comments/15hp7ac/about_latitude_apartments/,Typicalstudent09,If u want any more info on the apartment feel free to dm me,0.5574
UIUC,About Latitude Apartments,https://www.reddit.com/r/UIUC/comments/15hp7ac/about_latitude_apartments/,chezzmund,What are good and safe alternatives that offer 6-month leases?,0.7003
UIUC,Latitude Apartments [Post March 2020] Reviews?,https://www.reddit.com/r/UIUC/comments/lx9oeq/latitude_apartments_post_march_2020_reviews/,FaerveloftheHorde,"I lived there back in 2017, so I don't know what the current situation is. But there is one thing you can't change about Latitude: the location. In order to get to campus, you have to cross university, and the crosswalk is a few seconds long and you have to watch to make sure no left turners are coming and not paying attention. I'm speaking from experience: I was hit by a car turning left while I was walking in the crosswalk. I was lucky in that I had no serious injuries, but my leg was fucked up pretty bad and I had to do several months of physical therapy. In addition to this issue, behind the building is a pretty rough neighborhood. While I was living there, shots were fired right across the street from the parking lot. Didn't renew my lease and can't recommend it to anyone.",-0.7672
UIUC,Latitude Apartments [Post March 2020] Reviews?,https://www.reddit.com/r/UIUC/comments/lx9oeq/latitude_apartments_post_march_2020_reviews/,tec_wnz,"Do NOT Live Latitude!! I'm not sure if this reply is too late. The new management is only worse.   Packages and food deliveries are constantly getting stolen. The management refused to check their security camera. The dog park is rarely getting cleaned. So expect to see dog shit everywhere. People are having absolutely massive parties here (with 100+ people I'm not kidding). The people who do not live here but come here for parties drive LOUD ASS cars and love to drive around the apartment. If you would complain the noise to the management, they basically ask you back ""are they having party in YOUR apartment? If not, we cant do shit""   even though the management posted the rules about not allowing guests due to Covid.  Constant issues with AC.   There are just so many things. Some of the issues could appear in other apartments. But the management is definitely the worst. Much worse then the one before. There used to have security  patrolling at night, cameras in garage and building corners, a team of janitor, and etc. All these are GONE with the new management.",-0.2587
UIUC,Latitude the worse appartment,https://www.reddit.com/r/UIUC/comments/1qtn7xl/latitude_the_worse_appartment/,Inevitable-Opening61,I’m confused how it works. Do they keep all the deliveries before giving to you? And they lost them?,-0.3736
UIUC,Latitude the worse appartment,https://www.reddit.com/r/UIUC/comments/1qtn7xl/latitude_the_worse_appartment/,bobateaman14,la tit,0.0000
UIUC,Latitude Apartments -- the last housing you should consider at UIUC,https://www.reddit.com/r/UIUC/comments/gxf6cg/latitude_apartments_the_last_housing_you_should/,killfire4,"Ya didn't hear this from me, but there's probably a market for parking spots in/around campus if you were willing to ""sublet"" that space to a daily commuter.",0.0000
UIUC,Latitude Apartments -- the last housing you should consider at UIUC,https://www.reddit.com/r/UIUC/comments/gxf6cg/latitude_apartments_the_last_housing_you_should/,laoliu102,"Also, this apartment has a large international student population. Stop bullying the international students! They are here to study, not to deal with your lies. Stop lying. I don't want to record your lies. I don't want to have a written record of your lies.   I know what the front desk did was probably not intentional. But PLEASE be professional, be trustworthy, be reasonable. Do NOT lie if you do not know. Do NOT promise if you are uncertain. Do NOT bully the young students who pay a lot of rent because they trust you.",-0.4891
UIUC,Latitude Apartments -- the last housing you should consider at UIUC,https://www.reddit.com/r/UIUC/comments/gxf6cg/latitude_apartments_the_last_housing_you_should/,kenkoda,"Wow any one of those is in abnormal failure for most places around here. Pretty reasonable to not lease an apartment until it's empty, clean the apartment after move out, and the parking seemed quite straightforward. interesting, sorry you had these troubles, hopefully life gets better jeez",0.8630
UIUC,Latitude Apartments -- the last housing you should consider at UIUC,https://www.reddit.com/r/UIUC/comments/gxf6cg/latitude_apartments_the_last_housing_you_should/,sciencechick92,"I’m an international student and 4 years ago when I was looking at apartments before coming to US I came across Latitude’s website. They did not mention their pricing anywhere on the website so I emailed them. For the next four emails or so the person kept telling me how great the facilities are and how awesome everything is but kept dodging the price issue. Then I got irritated and replied in one sentence that I only want to know the rate. Then they quoted their price. I feel that if I had not done due diligence and looked at other places, it would be easy to fall into their trap. Also when I declined the person emailed he his sister’s email id who apparently works for another rental company and said maybe she has some other options. I kept clear of both of them.",0.6908
UIUC,Latitude Apartments -- the last housing you should consider at UIUC,https://www.reddit.com/r/UIUC/comments/gxf6cg/latitude_apartments_the_last_housing_you_should/,WriterWritingWorlds,"Avoid Campus Circle.  They're basically the same thing. There once was a trail of dog diarrhea in the elevator down a hallway. It was there for three solid days  Don't even get me started on the smoke alarms. Loud as fuck and triggered very easily.  Fuck that place, fuck these ""luxury"" apartments and fuck shitty pet owners.",-0.9577
UIUC,Latitude Apartments -- the last housing you should consider at UIUC,https://www.reddit.com/r/UIUC/comments/gxf6cg/latitude_apartments_the_last_housing_you_should/,sweatpea64,"I looked at them w/my dtr. and was also initially impressed. Made appt. w/man at the front desk to meet us at an apartment w/in our price range. He wasn't there. We called, got no answer. Then the same guy suddenly shows up 30 minutes late. Lies to us, stating he had been waiting for us on the side of the building (he was clearly out of breath, and I suspect he forgot until he heard our phone message) which made no sense because the entrance was in the front. The three actual apartments (I suggest to all to see where you will be living prior to signing contracts) were atrocious; filthy, thread bear carpets on stairs and filthy walls. Our budget was anything less than 1,000 per month and that is what they showed us. PS we have a beautiful, clean JSM apartment to sublease this summer if anyone is looking.",0.6124
UIUC,Latitude Apartments -- the last housing you should consider at UIUC,https://www.reddit.com/r/UIUC/comments/gxf6cg/latitude_apartments_the_last_housing_you_should/,BigTitsForeva,"Avoid Maywood as well, it’s the same thing!",-0.1007
UIUC,Latitude Apartments -- the last housing you should consider at UIUC,https://www.reddit.com/r/UIUC/comments/gxf6cg/latitude_apartments_the_last_housing_you_should/,xghost19,"I also experienced problems with the old management company, but as of March 2020 they’re under completely new ownership. The old people didn’t care, but the new staff is always super helpful.",0.9260
UIUC,Latitude Apartments -- the last housing you should consider at UIUC,https://www.reddit.com/r/UIUC/comments/gxf6cg/latitude_apartments_the_last_housing_you_should/,heyyguyssitsmee,"I also live at Latitude and have a pretty similar experience.. but worse. My last apartment didn't have a working AC the ENTIRE year.. During the summer I complained on almost a daily basis as it would be around 85 degrees in my apartment at all times.. it wasn't until after 8 months of living there they told me I could move.. getting any sort of refund from them for the broken AC was nearly impossible and instead they told me that ""it should be working! I don't see a problem"". The gym equipment is constantly broken and takes months to fix, and last year the pool was only open for about 2 weeks until it ""broke"" again and was never fixed (still broken fyi). Shitty management that doesn't try to fix broken things.. Looks nice from the outside, but all these issues add up and will make u wonder why it's so fucking expensive to live here.",-0.9573
UIUC,Latitude Apartments -- the last housing you should consider at UIUC,https://www.reddit.com/r/UIUC/comments/gxf6cg/latitude_apartments_the_last_housing_you_should/,shadowbansarestupid,Pretty much avoid all of the fancy lookin buildings. The more fancy it is = the worse it is.,-0.2732
UIUC,Latitude Apartments -- the last housing you should consider at UIUC,https://www.reddit.com/r/UIUC/comments/gxf6cg/latitude_apartments_the_last_housing_you_should/,bb_518,"during summer fire alarm goes off almost twice a week.   when I moved out, apt management charged me almost 800 for cleaning and bedroom wallpaper change fee. I only had one poster pinned up against the wall there was only few pin holes.",-0.6808
UIUC,Leasing Company Tier List,https://www.reddit.com/r/UIUC/comments/16mb5lj/leasing_company_tier_list/,krapmon,212 E is F. JSM is B.  Edit: 212 E literally refused to refund my ~$2k security deposit (borderline theft) after they REJECTED my lease. I finally got it a MONTH later after contacting their parent company directly. DO NOT SIGN WITH THEM. They don’t even deserve an F.,-0.5904
UIUC,Leasing Company Tier List,https://www.reddit.com/r/UIUC/comments/16mb5lj/leasing_company_tier_list/,mainberlin,"Out of four different leasing companies, I had the least problems with JSM.  They’re just pricy.",0.3089
UIUC,Leasing Company Tier List,https://www.reddit.com/r/UIUC/comments/16mb5lj/leasing_company_tier_list/,420CurryGod,This is really off. JSM is one of the best on campus. 707 literally left tenants without hot water in the middle of winter a couple years back. HERE is really bad in terms of charges and they perform quarterly apartment “checks” aka they go out of their way to find ways to fine you. Also their fees/fines are ridiculous. Also also the quality of their actual units is pretty lacking.,0.2040
UIUC,Leasing Company Tier List,https://www.reddit.com/r/UIUC/comments/16mb5lj/leasing_company_tier_list/,TIandCAS,JSM was great and fairly cheap compared to some other options when I lived there idk what u were talking about,0.5719
UIUC,Leasing Company Tier List,https://www.reddit.com/r/UIUC/comments/16mb5lj/leasing_company_tier_list/,[deleted],Smile needs a tier below F,0.3612
UIUC,Leasing Company Tier List,https://www.reddit.com/r/UIUC/comments/16mb5lj/leasing_company_tier_list/,qazaqwert,Smith used to be S tier but they recently sold all their properties to UGroup :(,-0.5927
UIUC,Leasing Company Tier List,https://www.reddit.com/r/UIUC/comments/16mb5lj/leasing_company_tier_list/,lunabug37,Jsm and bankier need to switch,0.0000
UIUC,Leasing Company Tier List,https://www.reddit.com/r/UIUC/comments/16mb5lj/leasing_company_tier_list/,Quick_Artichoke2286,Jsm is much better than f.  This ain’t a great tierlist tbh,0.7906
UIUC,Leasing Company Tier List,https://www.reddit.com/r/UIUC/comments/16mb5lj/leasing_company_tier_list/,EstablishmentIll412,"here is the only flaw I had with ugroup  they care way more about their incoming tenant than the outgoing tenant  I moved in to an immaculate (clean as fuck) apartment and received same day maintenance all 5 times I used their portal  but then I moved out, left the unit at least cleanish, and the bills were huge  my mistake I suppose, but I guess that is why my unit was so clean when I moved in.  They spend your deposit to keep their units in great shape I guess.  I don't know though, I guess whatever, rather that than no A/C, leaky roof, or no maintenance  I'd rent from them again and just clean better in all honesty.  My new place blows, but in the city so it is what it is.  Oh and they never showed my apt and I liked that as well.",0.9774
UIUC,Leasing Company Tier List,https://www.reddit.com/r/UIUC/comments/16mb5lj/leasing_company_tier_list/,ph_above_7,AFAIK 707 did not have any hot water supply for multiple days during winter,0.0000
UIUC,Leasing Company Tier List,https://www.reddit.com/r/UIUC/comments/16mb5lj/leasing_company_tier_list/,[deleted],[deleted],0.0000
UIUC,Leasing Company Tier List,https://www.reddit.com/r/UIUC/comments/16mb5lj/leasing_company_tier_list/,poiuytrewq79,UGroup has always been super reasonable with me. Two apartments with them and im so surprised to see them so low on the list.,0.5647
UIUC,Leasing Company Tier List,https://www.reddit.com/r/UIUC/comments/16mb5lj/leasing_company_tier_list/,tryagaininXmin,Every big company is F tier. Any mom and pop landlords are A tier. No such thing as an S tier leasing company,-0.2960
UIUC,Leasing Company Tier List,https://www.reddit.com/r/UIUC/comments/16mb5lj/leasing_company_tier_list/,[deleted],[deleted],0.0000
UIUC,Leasing Company Tier List,https://www.reddit.com/r/UIUC/comments/16mb5lj/leasing_company_tier_list/,Ok_Professional_1532,Latitude is F for sure.,0.3182
UIUC,Leasing Company Tier List,https://www.reddit.com/r/UIUC/comments/16mb5lj/leasing_company_tier_list/,millenialtrash1234,imo gsr and ugroup need to switch,0.0000
UIUC,Leasing Company Tier List,https://www.reddit.com/r/UIUC/comments/16mb5lj/leasing_company_tier_list/,GlassNo6756,Individual small landlords are S tier,0.0000
UIUC,Leasing Company Tier List,https://www.reddit.com/r/UIUC/comments/16mb5lj/leasing_company_tier_list/,[deleted],"Why is octave in the C tier? Ive lived here for a month and I like it quite a bit, wanna know if it gets worse",-0.1531
UIUC,Leasing Company Tier List,https://www.reddit.com/r/UIUC/comments/16mb5lj/leasing_company_tier_list/,Oldmacbookpro,I’ve heard that Royce and Brinkmeyer is good,0.4404
UIUC,Leasing Company Tier List,https://www.reddit.com/r/UIUC/comments/16mb5lj/leasing_company_tier_list/,AchiePH,"there’s no way JSM and Smile are on the same tier level. JSM isn’t that great and they are fairly pricy but for what you get with them (discounts on restaurants, free printing at student center) I think it’s worth leasing with them. - from a current JSM tenant",0.8591
UIUC,Leasing Company Tier List,https://www.reddit.com/r/UIUC/comments/16mb5lj/leasing_company_tier_list/,Key_Dark4895,"I would give Wampler a D.  Typical apartment.  Drafty.  Thin walls.  Can hear your neighbor if they talk in another unit at a normal level.     Leaking roof in the building, followed by mold issues.  Raised rent every year.  Didn't respect privacy and entered apartment without notice.  That's in Urbana too.  Apparently included internet but never mentioned it.  I found out when I was already moving out.  When I plugged in, the speeds were subpar so it was more lip service that they ""included internet.""  The big negative was that they obviously were stealing everyone's deposits.  Everyone who moved out got overcharged and had their deposit kept.  That was for replacing carpets, painting, and replacing flooring.  Typical wear and tear.   They said they were being nice and charging the full amount for that which was more than the deposit.  If you didn't aggressively complain and go after them, they kept your deposit.  So yeah, I got an apartment but I didn't know any better.  If you rent with them you will have to keep an eye on them and be prepared to go to war to get your deposit back.",-0.8115
UIUC,Leasing Company Tier List,https://www.reddit.com/r/UIUC/comments/16mb5lj/leasing_company_tier_list/,HumidCanine,Wait now I wanna see the original tier list,0.3182
UIUC,Leasing Company Tier List,https://www.reddit.com/r/UIUC/comments/16mb5lj/leasing_company_tier_list/,YogurtclosetFit485,Where did the original tier rankings come from ? Did you create it personally or surveyed others ?,0.5803
UIUC,Leasing Company Tier List,https://www.reddit.com/r/UIUC/comments/16mb5lj/leasing_company_tier_list/,sirduckingtoniii,My experience with uni group has not been F,0.0000
UIUC,Leasing Company Tier List,https://www.reddit.com/r/UIUC/comments/16mb5lj/leasing_company_tier_list/,Glass_Ad484,I'm living at Hub. Is MHM really that great? Can someone confirm that?,0.6945
UIUC,Leasing Company Tier List,https://www.reddit.com/r/UIUC/comments/16mb5lj/leasing_company_tier_list/,Oldmacbookpro,I’d give Weiner and Fairlawn both C’s or maybe D’s for different reasons,0.0000
UIUC,Leasing Company Tier List,https://www.reddit.com/r/UIUC/comments/16mb5lj/leasing_company_tier_list/,allietimelow,Have you actually lived with any of these companies??? Smile is below GSR??? LOL,0.7902
UIUC,Leasing Company Tier List,https://www.reddit.com/r/UIUC/comments/16mb5lj/leasing_company_tier_list/,[deleted],"There’s no way that 901 Western is above Octave LMAO. I left 901 for Octave and it’s such an upgrade. Working with 901’s leasing office is slow/such a pain. Security was laughable, had a handful of packages/deliveries stolen. Elevator was straight up out of service for like a month. Amenities are terrible for the price. The unit itself was ok.",-0.0431
UIUC,Leasing Company Tier List,https://www.reddit.com/r/UIUC/comments/16mb5lj/leasing_company_tier_list/,biggest-botoss,Where does west quad fall?,0.0000
UIUC,Leasing Company Tier List,https://www.reddit.com/r/UIUC/comments/16mb5lj/leasing_company_tier_list/,[deleted],[deleted],0.0000
UIUC,Leasing Company Tier List,https://www.reddit.com/r/UIUC/comments/16mb5lj/leasing_company_tier_list/,user102425,Wait someone tell me about GSR cause i’m a freshman and was looking at 809 W Nevada for next year,0.0000
UIUC,Leasing Company Tier List,https://www.reddit.com/r/UIUC/comments/16mb5lj/leasing_company_tier_list/,StapleGunUser,\*\*\*NEW REVISION MADE 11:14AM 9/19/23\*\*\*,0.0000
UIUC,Leasing Company Tier List,https://www.reddit.com/r/UIUC/comments/16mb5lj/leasing_company_tier_list/,Typicalstudent09,"Put latitude at G please, the worst company ever, broken AC and elevator throughout the entire summer with no fix and many more issues",-0.7964
UIUC,Leasing Company Tier List,https://www.reddit.com/r/UIUC/comments/16mb5lj/leasing_company_tier_list/,Elegant-Bench-7026,"Dean needs to be lower. overpriced, the furniture within the apartment is bad quality/cheap for the rent price, elevator and amenities always breaking, building fire alarm always going off, maintenance is clueless, and overall management just sucks. I could go on but I’m trying to keep it brief 🫠",-0.7750
UIUC,Leasing Company Tier List,https://www.reddit.com/r/UIUC/comments/16mb5lj/leasing_company_tier_list/,Pristine-Rip7809,Uni group has been awful. Never again. GSR was much better and I had a much better experience with them.,0.4215
UIUC,Leasing Company Tier List,https://www.reddit.com/r/UIUC/comments/16mb5lj/leasing_company_tier_list/,PaintDrinker8008,Lease based on building not company,0.0000
UIUC,Leasing Company Tier List,https://www.reddit.com/r/UIUC/comments/16mb5lj/leasing_company_tier_list/,Belaruskyy,Since when is MHM S tier?,0.0000
UIUC,Leasing Company Tier List,https://www.reddit.com/r/UIUC/comments/16mb5lj/leasing_company_tier_list/,[deleted],[deleted],0.0000
UIUC,Leasing Company Tier List,https://www.reddit.com/r/UIUC/comments/16mb5lj/leasing_company_tier_list/,favored214,Many of the properties from JSJ are poorly maintained and they're looking for any reason to keep their tenants' security deposits.,0.3400
UIUC,Leasing Company Tier List,https://www.reddit.com/r/UIUC/comments/16mb5lj/leasing_company_tier_list/,skullnap92,UGroup in F checks out,0.0000
UIUC,Leasing Company Tier List,https://www.reddit.com/r/UIUC/comments/16mb5lj/leasing_company_tier_list/,Oldmacbookpro,Idk if Id put Fairlawn at an F,-0.1027
UIUC,Leasing Company Tier List,https://www.reddit.com/r/UIUC/comments/16mb5lj/leasing_company_tier_list/,jffdougan,"Observation from a no-longer-renter: I don’t see CPM, Neves Group, or Fairlawn listed.",0.0000
UIUC,Leasing Company Tier List,https://www.reddit.com/r/UIUC/comments/16mb5lj/leasing_company_tier_list/,Safe_Cheetah3683,Fairlawn sucks,-0.3612
UIUC,Leasing Company Tier List,https://www.reddit.com/r/UIUC/comments/16mb5lj/leasing_company_tier_list/,Remarkable_Bench_870,I would keep bankier at C. Burnham at F and GSR at D,0.0000
UIUC,Leasing Company Tier List,https://www.reddit.com/r/UIUC/comments/16mb5lj/leasing_company_tier_list/,GeometricBison9,"I’m gonna lease ugroup next year, why are they D?",0.0000
UIUC,Leasing Company Tier List,https://www.reddit.com/r/UIUC/comments/16mb5lj/leasing_company_tier_list/,clandestineelephants,"My graduate capstone is literally on this, stay tuned lol",0.4215
UIUC,Leasing Company Tier List,https://www.reddit.com/r/UIUC/comments/16mb5lj/leasing_company_tier_list/,interviews2023,My friends live at 707 and it has been decent. JSJ and Greenstreet not so much.,0.4767
UIUC,Leasing Company Tier List,https://www.reddit.com/r/UIUC/comments/16mb5lj/leasing_company_tier_list/,Tuck5766,Is the VUE not a good place to live?,-0.3412
UIUC,Leasing Company Tier List,https://www.reddit.com/r/UIUC/comments/16mb5lj/leasing_company_tier_list/,coochiegorl,justice for smith apartments,0.5267
UIUC,Leasing Company Tier List,https://www.reddit.com/r/UIUC/comments/16mb5lj/leasing_company_tier_list/,Unlikely_Phrase_6425,university housing is a solid D! I like G&amp;G and orchard down. They are old and on the expensive side but maintenance is amazing,0.8197
UIUC,Leasing Company Tier List,https://www.reddit.com/r/UIUC/comments/16mb5lj/leasing_company_tier_list/,farmerbob15,definitely agree w mhm. maintenance was always super quick (sometimes within hours even for non urgent issues). i forgot to close my account for electricity after i ended my lease and was getting charged for the new tenants bills and they helped me get reimbursed. we never had any problems and their properties were decently priced too,0.8849
UIUC,Leasing Company Tier List,https://www.reddit.com/r/UIUC/comments/16mb5lj/leasing_company_tier_list/,InternalBrilliant908,Just wondering what’s wrong with bankier specifically?,-0.4767
UIUC,Leasing Company Tier List,https://www.reddit.com/r/UIUC/comments/16mb5lj/leasing_company_tier_list/,UIUC_Champ,"Missing the Trautman Agency! They're a super niche, boutique firm but people are down to earth and so so understanding. S Tier for sure.",0.6239
UIUC,Tower at third reviews,https://www.reddit.com/r/UIUC/comments/hpll9j/tower_at_third_reviews/,[deleted],[deleted],0.0000
UIUC,Tower at third reviews,https://www.reddit.com/r/UIUC/comments/hpll9j/tower_at_third_reviews/,knowledgefinder17,Yea it’s definitely not worth it. I lived there my sophomore year and there were a bunch of issues. Firstly they didn’t provide me any light in the living room and I had to purchase a lamp for that purpose (this was one of the least annoying part but for the rent you’re paying you’d expect to get a bit more). A few of my clothes went missing as well and my toilet exploded while I was studying in the library. I tried to submit a maintenance request and they came in late at night to clean my carpets which got soaked in toilet water and tried to blame me for the mess. You also can’t open the windows in the apt so it can get kinda claustrophobic and there are usually random fire alarms going off because of this. AC would randomly stop working and maintenance would take forever to fix it. They even tried to charge me for my key that I had mistakenly left inside the apartment and an elevator was almost always broken. Definitely not worth the price and I think you could get a better apartment than that shithole for the same or a cheaper price,-0.8714
UIUC,Tower at third reviews,https://www.reddit.com/r/UIUC/comments/hpll9j/tower_at_third_reviews/,MummaWolfof3,"**WATER TEMP****:**  Not Hot (Lukewarm Showers)  **ELEVATORS**:  There are (3) Three Elevators in this building.  Usually (2) Two of the Elevators are out of order and sometimes the 3rd Elevator has problems as well.  It’s very hard to carry your belongings up 12 flights of stairs when returning from break. Sometimes the elevator will run and wont stop at some floors but will stop at others.       **PARKING/SECURITY**: The parking garage does not access the building from each floor.  You have to go down to the first floor to get in the building.  There is no security for parking.  There is no security in the stairwell from the parking garage to the ground level.  No cameras anywhere to monitor the building.      Anyone can get in the building all day long until the nighttime security monitor is there later in the evening.",-0.7789
UIUC,DO NOT LIVE AT TOWER AT THIRD,https://www.reddit.com/r/UIUC/comments/1cr3hx6/do_not_live_at_tower_at_third/,sorcerykid,"FYI: Having no working toilet in a rental unit is considered a violation of city housing code, because it qualifies the unit as ""uninhabitable"". Therefore the property owner can be reported to Neighborhood Services Department. And if the toilet is not fully repaired in a timely manner, then the unit can be condemned by order of a city inspector.",-0.6972
UIUC,DO NOT LIVE AT TOWER AT THIRD,https://www.reddit.com/r/UIUC/comments/1cr3hx6/do_not_live_at_tower_at_third/,[deleted],"I second this, also maintenance sometimes randomly just breaks in to install shit, like no warning and it was just for a useless door stop. They also did it when they were installing the new thermostats. If they do send out a notification you never actually know when they’re coming. Also they do things like decide to install a new AC unit on the hottest day of the year or fix the elevators (for the thousandth time) on the week AFTER winter break rather than when the apartments are 80% empty. Only for them to be broken the following week",-0.7553
UIUC,DO NOT LIVE AT TOWER AT THIRD,https://www.reddit.com/r/UIUC/comments/1cr3hx6/do_not_live_at_tower_at_third/,Anhur55,"While I haven't lived anywhere near Campus housing in over a decade, everyone **please** remember that regardless of your living situation, where you live, how long you've lived there, regardless of **everything** *you have rights*. It is not okay nor in many cases legal, for your landlord to withhold repairs, **especially utilities vital to your continued ability to safely be in the unit** such as heat or running water.  If you are having a hard time getting help or movement on an issue from your landlord contact the tenants union. They can provide resources and help to get your issue resolved.  https://www.cutenantunion.org/",0.9302
UIUC,DO NOT LIVE AT TOWER AT THIRD,https://www.reddit.com/r/UIUC/comments/1cr3hx6/do_not_live_at_tower_at_third/,bloombergdude,Honestly same can be said about 309 green and they’re owned by the same company. The elevator has been broken since february and they said it’ll be fixed by july. 1 elevator for 24 floors is insane. They also just opened the 8th floor amenities the DAY everyone leaves campus.,-0.4215
UIUC,DO NOT LIVE AT TOWER AT THIRD,https://www.reddit.com/r/UIUC/comments/1cr3hx6/do_not_live_at_tower_at_third/,aroaryan1,"Suites at Third is much better, if you're deciding between the two, choose Suites.",0.4404
UIUC,DO NOT LIVE AT TOWER AT THIRD,https://www.reddit.com/r/UIUC/comments/1cr3hx6/do_not_live_at_tower_at_third/,GoatlyBreadCum,Honestly sounds like 90% of the apartments on campus,0.6705
UIUC,DO NOT LIVE AT TOWER AT THIRD,https://www.reddit.com/r/UIUC/comments/1cr3hx6/do_not_live_at_tower_at_third/,tattooburner,And also do not live anywhere owned by Green St Realty. They are similarly fraudulent and disgusting slumlords.,-0.7650
UIUC,DO NOT LIVE AT TOWER AT THIRD,https://www.reddit.com/r/UIUC/comments/1cr3hx6/do_not_live_at_tower_at_third/,No_Yogurtcloset_8350,"In the flip side, I recommend Wampler realty 🧌 I’ve only ever stayed with them while going here and it’s been the best experience. Even my folks back home are impressed with them and their sticklers for what’s good service.",0.9136
UIUC,DO NOT LIVE AT TOWER AT THIRD,https://www.reddit.com/r/UIUC/comments/1cr3hx6/do_not_live_at_tower_at_third/,_StJimmy__,"As the summer rolled in, they fixed the central air conditioning/heating between a fixed range which is annoying af cuz I like to sleep at lower temps. The security is also a joke lol. Personally, never faced an issue with the showers. Oh also, the fkn fire alarms -_-",0.1280
UIUC,DO NOT LIVE AT TOWER AT THIRD,https://www.reddit.com/r/UIUC/comments/1cr3hx6/do_not_live_at_tower_at_third/,Typicalstudent09,"I’m glad I’m not the only one feeling the same way…… living at tower at third was a bad decision. I lived there a year ago.  - Most days, 1-2 out of the 3 elevator was broken. - took them ages to process through packages, sometimes I have packages I need for essential and they wouldn’t let me take it until they’re done processing the next few hours or day. - cold water during the winter, tells the resident to go to ARC to shower - maintenance takes forever to show up - got half of my laundry load stolen from the laundry room because they refused to fix the lock……. And when I told them to pull the camera up to find out who did it. All that said was “camera is more so for a show, it’s blurry, we can’t do much”.   In summary, don’t waste ur money",-0.8934
UIUC,DO NOT LIVE AT TOWER AT THIRD,https://www.reddit.com/r/UIUC/comments/1cr3hx6/do_not_live_at_tower_at_third/,Triviald,"Lived there. Was awful. This building is on the fritz. The exterior envelope is leaky with terrible thermal bridging causing frost to accumulate on the frames. I remember too well the late night fire alarms. I got swindled into the ""premium"" units that had ""marble counters, wood cabinets and hardwood flooring"", but they were all laminate with a marble and wood design and only the kitchen had vinyl plank flooring. This was 2015/16 so I can't imagine it's gotten better in 9 years even with the renovation to the basement.",0.0258
UIUC,DO NOT LIVE AT TOWER AT THIRD,https://www.reddit.com/r/UIUC/comments/1cr3hx6/do_not_live_at_tower_at_third/,Dazzling-Mortgage-46,Apply at Baileys apartments! We have great rent specials!!,0.7163
UIUC,DO NOT LIVE AT TOWER AT THIRD,https://www.reddit.com/r/UIUC/comments/1cr3hx6/do_not_live_at_tower_at_third/,[deleted],HAIL ALMA MATER,0.0772
UIUC,DO NOT LIVE AT TOWER AT THIRD,https://www.reddit.com/r/UIUC/comments/1cr3hx6/do_not_live_at_tower_at_third/,Good_Distribution_37,I recommend ICON. It’s definitely on the high end but the manager is super nice and responsive. The building is new and modern.,0.9423
UIUC,DO NOT LIVE AT TOWER AT THIRD,https://www.reddit.com/r/UIUC/comments/1cr3hx6/do_not_live_at_tower_at_third/,rainbowgirl144,"I second this. I have developed anxiety from the fire alarms, i literally couldn’t sleep bc I’d be scared of having to wake up at 4am and go down 20 flights of stairs. The windows don’t open and it’s not something I realized I needed until it was too late. We got charged for a bunch of damages we didn’t cause. We had a leak in our apt for monthsss.",-0.9217
UIUC,DO NOT LIVE AT TOWER AT THIRD,https://www.reddit.com/r/UIUC/comments/1cr3hx6/do_not_live_at_tower_at_third/,[deleted],[deleted],0.0000
UIUC,DO NOT LIVE AT TOWER AT THIRD,https://www.reddit.com/r/UIUC/comments/1cr3hx6/do_not_live_at_tower_at_third/,Cute_Restaurant_6130,We e🎂😊,0.7184
UIUC,Is Tower at 3rd Worth It? Do any Pros outweigh the Cons?,https://www.reddit.com/r/UIUC/comments/y6pm5a/is_tower_at_3rd_worth_it_do_any_pros_outweigh_the/,[deleted],"Last year there was no problems at all. This is what the biggest thing was the water being turned off while they were doing the repairs the other commenter mentioned. I think it’ll be done pretty soon, so shouldn’t be a problem next year.  Fire alarms do go off frequently, but with about 400 people living in the building that’s bound to happen.  Yes it’s true the windows don’t open, and it sucks tremendously",0.5616
UIUC,Is Tower at 3rd Worth It? Do any Pros outweigh the Cons?,https://www.reddit.com/r/UIUC/comments/y6pm5a/is_tower_at_3rd_worth_it_do_any_pros_outweigh_the/,imaginealpha,"Wrote this in my notes last week at 3am after suffering through yet another cold shower. Hope if you sign that you don't experience these issues. (Note: reddit keeps complaining I'm over the character limit when I'm not, so this will be a multi-parter.)      —      I'm gonna start this off by saying: you probably don't want to lease here.      It's been two months since move-in. My roommate and I were enticed by the lower prices and the nice apartment. The space is nice, maintenance is nice, and the front desk people are trying their best, but we've had so many issues in just the last two months that we definitely are not leasing here next year.      Issue #1: the water.      If you've seen other reviews, you know this is a recurring problem that hasn't been fixed for years, and it certainly doesn't look like it's getting fixed this year, no matter how long they say they're ""working on the boiler"". You would think American Campus would look at this and think, ""gee, maybe we should replace this system with one from another one of our properties that we know actually works!"" Nope. Whenever they do maintenance on the boiler, we get random water shutoffs throughout the day - already inconvenient - and there are days when they have it shut off for a lot of the day for the entire building, so no shower, tap, or even toilet. A few times maintenance had to come in at 9am without advance notice to run all our taps as part of this maintenance work, and at one point they did it for the whole floor so everyone's doors had to be left open for around three hours. Despite the past few weeks they've been working on the boiler, the hot water we've gotten has been extremely inconsistent at all times of the day and most times almost nonexistent. Nothing beats writing an angry review in your notes at 3am after a mini-breakdown over the shower being cold after a really stressful week, amirite?   Jokes aside, it's a toss-up on whether or not you'll get warm water within the first 10-15 minutes. If by some miracle you do, it's another toss-up if it lasts longer than five minutes. This is not an exaggeration; I listen to music in the shower to keep track of time, and I get through quite a few songs before the water even approaches hot at the highest setting. The sink water is warmer than the shower, most times.   The other day I heard the lady at the front desk telling someone over the phone that we only have water problems in the summer when there aren't a lot of residents to get the water flow going, or when they're working on the boiler. Like, I understand that you have to say that as part of your job, but girl, you know that's not true. We have water problems all day, every day.   Edit: we got the hot water back after a day and a half of ice cold water (they were implementing a new water pressure system), but yesterday and today we've had to run the shower for at least an hour before it actually began approaching hot - though it did actually stay for a while after that. So much water waste but what can we do?      Issue #2: the fire alarms.      By the first week of October, the fire alarm had gone off eight times. Twice at midnight, and once twice in the same day. We keep running into this pair of roommates seven floors above us with two emotional support kittens - poor things are so scared every time. Also note that half the building will be trying to use the elevators on the way back in. Do with that information what you will.      Issue #3: the toilet.      The drain is very weak and clogs easily. Even if it's not clogged, half the time it takes 2-3 tries to make it flush properly. It seems small, but it quickly becomes extremely annoying to stand there for a few minutes after flushing so the tank can refill to flush it again. And again. And again.   This part may be an isolated issue, but at one point the tank stopped filling properly. We filed a request, but the next day maintenance showed up when I was in the shower and said they would come back later. This may have been a mistake, but the request was marked complete that night. We refiled the request, but it took almost a week for them to come back - and that was only because we complained to the front desk. In this interim period, we had to use the basement bathroom, which was awful for two reasons: the automatic lights that shut off if you're in the stall longer than a few minutes and can't be reactivated from where you're sitting, and the automatic toilet sensor that doesn't work in the dark and thinks you're trying to flush at the slightest movement (which includes trying to wipe your butt - if you don't have a flashlight aimed over your shoulder, good luck with that).      Issue #4: the thermostat.      Turns out it relies on water circulation. Isn't that great?   For a solid two weeks in August the temperature just would not go down no matter how low we set it; maintenance came in three times and sometimes just made it worse. It wasn't until we called maintenance for our toilet problem that a new guy came in and noticed that our thermostat was also broken and told us why. I thought this was an isolated issue, but my roommate mentioned that one of her friends left this place over the thermostat, so maybe not.  (Continued in reply)",-0.9966
UIUC,Is Tower at 3rd Worth It? Do any Pros outweigh the Cons?,https://www.reddit.com/r/UIUC/comments/y6pm5a/is_tower_at_3rd_worth_it_do_any_pros_outweigh_the/,[deleted],"It is true what the employees said. Their roof indeed collapsed and that’s what caused all of the flooding/ water issues this year. The building is somewhat old but their doing the repairs to fix it, so I think you’ll be just fine if you signed.",0.3716
UIUC,Is Tower at 3rd Worth It? Do any Pros outweigh the Cons?,https://www.reddit.com/r/UIUC/comments/y6pm5a/is_tower_at_3rd_worth_it_do_any_pros_outweigh_the/,illini230,DON'T DO IT! AMERICAN CAMPUS COMMUNITIES ARE A SCAM,-0.6114
UIUC,707 is the best apartment complex on campus,https://www.reddit.com/r/UIUC/comments/smflrj/707_is_the_best_apartment_complex_on_campus/,navysealassulter,"Whenever these dorks start to complain about how they hate living with us as 707 I’m just so confused. The maids I hired leave everything spotless, my mother comes and boils water for my bath if the water is never hot enough for my liking, and if the internet ever lags while I’m gaming I call my uncle who works at Microsoft to get the lobby banned for hacking.  Ugh nerds, just pop your AirPods in and wait for this all to blow over like is normal people 🙄",-0.9168
UIUC,707 is the best apartment complex on campus,https://www.reddit.com/r/UIUC/comments/smflrj/707_is_the_best_apartment_complex_on_campus/,[deleted],"Sir, this is 707. We do not condone any usage of degeneracy internet platforms such as Rebbit or whatever that website is called.",0.0000
UIUC,707 is the best apartment complex on campus,https://www.reddit.com/r/UIUC/comments/smflrj/707_is_the_best_apartment_complex_on_campus/,[deleted],Lol,0.4215
UIUC,fuck 707,https://www.reddit.com/r/UIUC/comments/sm59zv/fuck_707/,danillia2,Dang my last two apartments (cpm for 300 a month and jsj for 375 a month) really pulled through in having hot water lmao. Couldn’t imagine paying $1000 a month and having to share two showers with everyone in the building 🥴,0.7269
UIUC,fuck 707,https://www.reddit.com/r/UIUC/comments/sm59zv/fuck_707/,miki_cat,"Listen up:  all of your friends/tenants should fill this form out: [https://champaignil.gov/neighborhood-services/neighborhood-code-compliance/tenant-inspection-form/](https://champaignil.gov/neighborhood-services/neighborhood-code-compliance/tenant-inspection-form/)  &amp;#x200B;  This is unacceptable, especially if it has been happening since November. Share the link with others, might get the landlord to get their ass off the floor and fix water heater faster.   Good luck",0.1531
UIUC,fuck 707,https://www.reddit.com/r/UIUC/comments/sm59zv/fuck_707/,[deleted],literally bs for paying 1700 in rent,0.0000
UIUC,fuck 707,https://www.reddit.com/r/UIUC/comments/sm59zv/fuck_707/,melatonia,Is that. . . legal?,0.1280
UIUC,fuck 707,https://www.reddit.com/r/UIUC/comments/sm59zv/fuck_707/,[deleted],Uselesss $1100 rent going to their asses and nothing else,0.0000
UIUC,fuck 707,https://www.reddit.com/r/UIUC/comments/sm59zv/fuck_707/,lolillini,"Look everyone hates UGroup but ngl when my hot water furnace went down a guy came to check it with in two hours and they sent a guy to replace the whole thing next day. I paid about 900$ for an entire two-bedroom apartment.   If you want to stay in a luxury apartment, I guess it makes more sense to stay in the smaller luxury apartments of large landlords than staying in the buildings on green, its probably cheaper too.",-0.1280
UIUC,fuck 707,https://www.reddit.com/r/UIUC/comments/sm59zv/fuck_707/,dragon_stryker,What apartment company is this so I know to stay away,0.0000
UIUC,fuck 707,https://www.reddit.com/r/UIUC/comments/sm59zv/fuck_707/,Tired_Professor,"So you will all be getting a discount on your rent, right? RIGHT?!   I hope there are some law majors in 707.",0.5502
UIUC,fuck 707,https://www.reddit.com/r/UIUC/comments/sm59zv/fuck_707/,belacscole,Ive seen some bullshit with rental companies but damn this might take the cake. over 1k in rent for this? They need to get their asses sued.,-0.7140
UIUC,fuck 707,https://www.reddit.com/r/UIUC/comments/sm59zv/fuck_707/,chocofingers3,I hope someone is in touch with CU tenant union: [http://www.cutenantunion.org](http://www.cutenantunion.org)  And let 707 know that you are working with the tenant union on this.,0.4404
UIUC,fuck 707,https://www.reddit.com/r/UIUC/comments/sm59zv/fuck_707/,Few_Anteater3523,They had the audacity to call me twice to see if I was still interested.,0.4019
UIUC,fuck 707,https://www.reddit.com/r/UIUC/comments/sm59zv/fuck_707/,UIUCSTUDENT101,I washed my hair in my sink today,0.0000
UIUC,fuck 707,https://www.reddit.com/r/UIUC/comments/sm59zv/fuck_707/,buckedthefuckup,"if these management fucks don’t fix this rn and have their employees downstairs showing more attitude (mf had the audacity to say “I get it, have a nice day” nah dawg you don’t you get to shower in warm water at your house), ima waterboard them with the freezing water.",-0.0516
UIUC,fuck 707,https://www.reddit.com/r/UIUC/comments/sm59zv/fuck_707/,condog1035,"Not having hot water is a VERY CLEAR code violation.  Check out UIUC's tenet rights website, it references some of the laws &amp; codes as well as your rights with this.  https://occl.illinois.edu/rights-and-responsibilities/rights/",0.3260
UIUC,fuck 707,https://www.reddit.com/r/UIUC/comments/sm59zv/fuck_707/,[deleted],"At tower, there’s been 6 incidences of no hot or warm water that last over a day. They tell us to shower at the arc lol",-0.0170
UIUC,fuck 707,https://www.reddit.com/r/UIUC/comments/sm59zv/fuck_707/,Puzzleheaded_Lack317,"I live at 707 and I boiled water, waited 15 min for it to cool a bit, stood in the shower and poured it on myself 🙃  my roommates and I are also very sick rn with Covid. We love not having hot showers. Thanks 707.",0.7010
UIUC,fuck 707,https://www.reddit.com/r/UIUC/comments/sm59zv/fuck_707/,orangeleopard,Seek legal recourse,0.1280
UIUC,fuck 707,https://www.reddit.com/r/UIUC/comments/sm59zv/fuck_707/,TomatoeSmoothy,I didn't get a chance to book a shower appointment. u/UIUC_PERVERT can I share a shower appointment with you to conserve hot water?,0.1179
UIUC,fuck 707,https://www.reddit.com/r/UIUC/comments/sm59zv/fuck_707/,pccwow,this is a breach of the warranty of habitability—please contact student legal services and they will give you a variety of solutions,0.2960
UIUC,fuck 707,https://www.reddit.com/r/UIUC/comments/sm59zv/fuck_707/,noodlefrits,What a load of malarkey. I've installed multiple hot water heaters before and it's like a 2 hour job if you have to solder the fittings. Now that everyone has switched to compression it should be like 1:15 to get it done.,0.6124
UIUC,fuck 707,https://www.reddit.com/r/UIUC/comments/sm59zv/fuck_707/,Warm_Comfort5210,Go diarrhea all over the front desk. It’ll get your point across.,0.0000
UIUC,fuck 707,https://www.reddit.com/r/UIUC/comments/sm59zv/fuck_707/,manviix,You're invited to my new group 'Seven07' on GroupMe. Click here to join: https://app.groupme.com/join_group/85173809/axYHRD2A Can we make a group to talk to 707 together since this is unacceptable and a health code violation for sure,-0.4019
UIUC,fuck 707,https://www.reddit.com/r/UIUC/comments/sm59zv/fuck_707/,[deleted],Please sign this petition to get 707 to fix their building! [https://chng.it/rxPmXbb5](https://chng.it/rxPmXbb5),0.3802
UIUC,fuck 707,https://www.reddit.com/r/UIUC/comments/sm59zv/fuck_707/,[deleted],r/fuck707,0.0000
UIUC,fuck 707,https://www.reddit.com/r/UIUC/comments/sm59zv/fuck_707/,Calm-Perspective70,Create a GoFundMe for residents to get a lawyer.,0.2732
UIUC,fuck 707,https://www.reddit.com/r/UIUC/comments/sm59zv/fuck_707/,itsnotcoldoutside,Cold showers are just better,0.4404
UIUC,fuck 707,https://www.reddit.com/r/UIUC/comments/sm59zv/fuck_707/,[deleted],[deleted],0.0000
UIUC,fuck 707,https://www.reddit.com/r/UIUC/comments/sm59zv/fuck_707/,WalterSanders,I can’t believe you let your own college up-sell you like that.,0.3612
UIUC,fuck 707,https://www.reddit.com/r/UIUC/comments/sm59zv/fuck_707/,ebbiibbe,Why hasn't the health department done something?,0.0000
UIUC,Conflicted feelings on 707 situation,https://www.reddit.com/r/UIUC/comments/smeir5/conflicted_feelings_on_707_situation/,rhinowing,It's mind-blowing how much rent has gone up on campus in the last decade,0.0000
UIUC,Conflicted feelings on 707 situation,https://www.reddit.com/r/UIUC/comments/smeir5/conflicted_feelings_on_707_situation/,wannadophd,Where did you get an apartment at $200 per month? Let us know your secrets!,0.0000
UIUC,Conflicted feelings on 707 situation,https://www.reddit.com/r/UIUC/comments/smeir5/conflicted_feelings_on_707_situation/,[deleted],Sign this petition to get 707 to fix their shit! https://chng.it/rxPmXbb5,-0.5983
UIUC,Thoughts on Octave Apartments?,https://www.reddit.com/r/UIUC/comments/1o01vpr/thoughts_on_octave_apartments/,PlatWinston,"I dont think there's anything wrong with octave, they are just expensive",-0.4767
UIUC,Thoughts on Octave Apartments?,https://www.reddit.com/r/UIUC/comments/1o01vpr/thoughts_on_octave_apartments/,Aggressive_Dot6280,Nice but a bit pricey. And yes you have to pay 12 months of rent and they don't allow subleases,0.4312
UIUC,Thoughts on Octave Apartments?,https://www.reddit.com/r/UIUC/comments/1o01vpr/thoughts_on_octave_apartments/,MinimumAd9188,"Doesn't matter if you're physically there or not. If you sign a legal contract saying you're going to pay June and July, you're going to have to pay June and July.",-0.0961
UIUC,Thoughts on Octave Apartments?,https://www.reddit.com/r/UIUC/comments/1o01vpr/thoughts_on_octave_apartments/,Murky-Dot7977,"You might be better off choosing one of the apts right next to octave for price reasons, it depends on what you're looking for. They justify priciness with a bunch of amenities you don't need and probably won't use. Also, every single apartment leases for 12 months, you won't find one that doesn't, so the answer to the last q is yes.",0.6808
UIUC,Beware Octave Apartments: Lease and Switch,https://www.reddit.com/r/UIUC/comments/1o58pw4/beware_octave_apartments_lease_and_switch/,gossiportransparent,If you have a copy of the lease I would go to the Tenant’s Union. I don’t think they can back out of a signed contract.,0.0000
UIUC,Beware Octave Apartments: Lease and Switch,https://www.reddit.com/r/UIUC/comments/1o58pw4/beware_octave_apartments_lease_and_switch/,MouskatoodleQh,"If you guys signed anything resembling a lease or a lease agreement, I think you can still manage to get an old rate. I dont know the specifics of your lease agreements, nor am I an expert  at these. definitely check out student legal services and off campus living. These apartment conglomerates using predatory pricing should not be tolderated at all",0.8176
UIUC,Beware Octave Apartments: Lease and Switch,https://www.reddit.com/r/UIUC/comments/1o58pw4/beware_octave_apartments_lease_and_switch/,RebelPilot51,"Ooh, something I can help with! I work part-time in the Champaign-Urbana apartment industry, and can help explain what this is. Most of the ""luxury"" properties around here will change their prices based on demand; the more people sign, the higher they go up. It's not a ""bidding"" system. You and others have pointed out that the lease you signed had not been countersigned by the property, and so was not guaranteed. For instance, you wouldn't be able to wait until June to sign and expect the same price you were offered right now. As the email you had pasted stated, you waited too long to sign, and thus lost that price when others signed before you.  Is it annoying and not beneficial to us students? Yes. But it's legal and makes perfectly logical business sense to these big companies. Most of the time they even tell you this because it is a way for them to get you to sign.",0.8376
UIUC,Beware Octave Apartments: Lease and Switch,https://www.reddit.com/r/UIUC/comments/1o58pw4/beware_octave_apartments_lease_and_switch/,Bratsche_Broad,"You're doing the right thing by getting the word out about this practice. Legal or not, it clearly disadvantages students. I hope other students see this and avoid signing with Octave.",0.2960
UIUC,The apartment in the campus,https://www.reddit.com/r/UIUC/comments/qbhahy/the_apartment_in_the_campus/,bumbumbum1969,I haven't heard a lot of good things about here to be honest and some of my friends had a couple issues that were regular.,0.8519
UIUC,The apartment in the campus,https://www.reddit.com/r/UIUC/comments/qbhahy/the_apartment_in_the_campus/,[deleted],[deleted],0.0000
UIUC,The apartment in the campus,https://www.reddit.com/r/UIUC/comments/qbhahy/the_apartment_in_the_campus/,[deleted],[deleted],0.0000
UIUC,The apartment in the campus,https://www.reddit.com/r/UIUC/comments/qbhahy/the_apartment_in_the_campus/,craftycreeper23,My friend lives at octave and has no complaints,0.6660
UIUC,The apartment in the campus,https://www.reddit.com/r/UIUC/comments/qbhahy/the_apartment_in_the_campus/,screaminginvain,"My friend lived at octave but didn't like it because he constantly felt like he was being watched (cameras in elevators, hallways, etc). They have emailed him a couple times about specific things they saw him do on the camera (nothing bad/illegal but I can't remember specifics) and he felt uncomfortable with it",-0.1815
UIUC,Octave sucks. Don't waste your time on this apartment!,https://www.reddit.com/r/UIUC/comments/u88rsn/octave_sucks_dont_waste_your_time_on_this/,four_reeds,You prolly need to talk to a lawyer,0.0000
UIUC,Octave sucks. Don't waste your time on this apartment!,https://www.reddit.com/r/UIUC/comments/u88rsn/octave_sucks_dont_waste_your_time_on_this/,Moist_Molasses,This is super illegal. You signed a legally binding lease with them and therefore they need to uphold their part of it. See a lawyer!!!,0.3769
UIUC,Octave sucks. Don't waste your time on this apartment!,https://www.reddit.com/r/UIUC/comments/u88rsn/octave_sucks_dont_waste_your_time_on_this/,[deleted],http://www.cutenantunion.org,0.0000
UIUC,Octave sucks. Don't waste your time on this apartment!,https://www.reddit.com/r/UIUC/comments/u88rsn/octave_sucks_dont_waste_your_time_on_this/,[deleted],Is that legal? You signed a legally binding lease.,0.2263
UIUC,Octave sucks. Don't waste your time on this apartment!,https://www.reddit.com/r/UIUC/comments/u88rsn/octave_sucks_dont_waste_your_time_on_this/,New_Owl_7022,"Huh?  A re-let (sublease) has to he completed by the person who holds the lease.  The Octave is simply telling you the person who was originally offering you the re-let (sublease), no longer wanted to sublease you their apartment, and thus the sublease is nullified.  If the person subleasing the unit to you never signed the sublease contract, it is not a legally binding contract.  There are plenty of valid reasons to bash a landlord but lately this sub keeps facepalming all over the place.",-0.1896
UIUC,Octave sucks. Don't waste your time on this apartment!,https://www.reddit.com/r/UIUC/comments/u88rsn/octave_sucks_dont_waste_your_time_on_this/,karmacop97,"Not to hijack, but if you're looking to relet a place my roommates and I are looking to relet.",0.0000
UIUC,Octave sucks. Don't waste your time on this apartment!,https://www.reddit.com/r/UIUC/comments/u88rsn/octave_sucks_dont_waste_your_time_on_this/,[deleted],[deleted],0.0000
UIUC,Octave sucks. Don't waste your time on this apartment!,https://www.reddit.com/r/UIUC/comments/u88rsn/octave_sucks_dont_waste_your_time_on_this/,[deleted],"It doesn’t sound like they’re overselling anything. Somebody signed a lease, tried to re let that lease to you, and changed their mind before the paperwork was fully finished.",0.1779
UIUC,Octave sucks. Don't waste your time on this apartment!,https://www.reddit.com/r/UIUC/comments/u88rsn/octave_sucks_dont_waste_your_time_on_this/,[deleted],[deleted],0.0000
UIUC,Octave sucks. Don't waste your time on this apartment!,https://www.reddit.com/r/UIUC/comments/u88rsn/octave_sucks_dont_waste_your_time_on_this/,teve0teve,You can borrow my apartment if you need one over the summer.,0.0000
UIUC,75 Armory,https://www.reddit.com/r/UIUC/comments/nh6msa/75_armory/,swerwyy,"It’s a really nice building and management is pretty friendly from my experience. The other nice thing about the building (kinda random) but you can buzz people in from your phone instead of going up and down to get guests. The only issue I would look into is water/electric caps. The lease says that everything is covered except for electricity but sometimes there is fine text that mentions a cap on water. If you go over, you simply pay the difference and it can get annoying so double check.",0.4933
UIUC,75 Armory,https://www.reddit.com/r/UIUC/comments/nh6msa/75_armory/,serenityforeva3,"The utilities get ridiculous in the winter. You will always go over electric and water, so be prepared to pay. For February of this year, I alone paid $56 plus my regular rent and I lived with 2 other girls so in total we went over $168 when supposedly utilities were included.....theyre basically not.",-0.4062
UIUC,Armory House at UIUC: Is there a good social scene here?,https://www.reddit.com/r/UIUC/comments/1ddwnwp/armory_house_at_uiuc_is_there_a_good_social_scene/,UIUC_PERVERT,"Depends on your son’s interests.   Everyone here is really into medieval knights, and we regularly joust each other with our long, long poles both in and out of armor.   Personally, I prefer the latter, but I can’t always have it my way 🤷‍♀️",0.1280
UIUC,Armory House at UIUC: Is there a good social scene here?,https://www.reddit.com/r/UIUC/comments/1ddwnwp/armory_house_at_uiuc_is_there_a_good_social_scene/,Drasils,Why'd he pick armory house over other PCHs?,0.0000
UIUC,Armory House at UIUC: Is there a good social scene here?,https://www.reddit.com/r/UIUC/comments/1ddwnwp/armory_house_at_uiuc_is_there_a_good_social_scene/,Bratsche_Broad,"I think Armory House will be fine. I don't think it has a particular reputation for being social or not social like some other PCH dorms, so if your son is looking to be social, it should not be an issue. It seems like the university might be even more short on housing this year, so taking the uncertainty out of your son's housing situation was the best choice IMHO.",0.5756
UIUC,Armory House at UIUC: Is there a good social scene here?,https://www.reddit.com/r/UIUC/comments/1ddwnwp/armory_house_at_uiuc_is_there_a_good_social_scene/,oknowwhat00,"They have sent out emails telling folks not to panic yet. Lots of kids will change their minds, switch etc.",0.4023
UIUC,Armory House at UIUC: Is there a good social scene here?,https://www.reddit.com/r/UIUC/comments/1ddwnwp/armory_house_at_uiuc_is_there_a_good_social_scene/,old-uiuc-pictures,"Curious - are they telling you to look elsewhere or just that there are no open rooms today? Rooms do open up over summer and through the first several weeks of school as applicants decide to attend another school, or move to PCH, or not attend school at all. Students are slotted in to temporary rooms and then moved into their all year room as those empty beds are identified.   I'm just curious what housing is telling students - as this seeming over subscription happens every summer.",0.1531
UIUC,Armory House at UIUC: Is there a good social scene here?,https://www.reddit.com/r/UIUC/comments/1ddwnwp/armory_house_at_uiuc_is_there_a_good_social_scene/,[deleted],Lived at armory house last year and will be continuing to live there.  The culture is more similar to an apartment building rather than a dorm. The amenities are nice but the dorm is fairly small and there is a large proportion of intl students. It's mostly quiet and I made only a handful of friends. If he really wants a college experience then a uni dorm is the way to go. The quality of life at armory will definitely be better though.,0.9253
UIUC,Armory House at UIUC: Is there a good social scene here?,https://www.reddit.com/r/UIUC/comments/1ddwnwp/armory_house_at_uiuc_is_there_a_good_social_scene/,WhateverMondays-337,My daughter made the same decision.   She’s from Chicago area and social.,0.0000
UIUC,Armory House at UIUC: Is there a good social scene here?,https://www.reddit.com/r/UIUC/comments/1ddwnwp/armory_house_at_uiuc_is_there_a_good_social_scene/,TrueCarBen,"Compared to University dorms, the social scene at Armory House really is not good. As someone who lived there for three years, the majority of the students who dorm there are international students who largely socialize only amongst themselves. Ultimately though, it is just a place to sleep after coming home from classes, RSOs, and other places where he's most likely to make friends with similar interests.",0.3464
UIUC,Armory House at UIUC: Is there a good social scene here?,https://www.reddit.com/r/UIUC/comments/1ddwnwp/armory_house_at_uiuc_is_there_a_good_social_scene/,oknowwhat00,"I also think there's not always a benefit to being roommates with your bf, and then at a less social dorm, they need to make sure to join clubs separately and meet others. Too many kids, especially those that come from the suburbs of Chicago (not saying this is this your kids situation) stick together and don't venture out beyond their friend group.",0.6393
UIUC,Illini Manor -- Is it a good apartment?,https://www.reddit.com/r/UIUC/comments/v63xcl/illini_manor_is_it_a_good_apartment/,quacksonfan,"Hi! I just moved out of Illini Manor after graduating. For the rent (which includes water and electricity) it’s pretty decent. However, the studio is small. I lived with JSM before with roommates so this apartment isn’t as nice as the other apartment. I like to cook so it was slightly inconvenient to cook without a range hood to filter the smell and oil, so I usually would prop open the window. The oven is strange so I would rarely bake.  Laundry isn’t included so be aware of that. But overall, I would say this is a decent apartment for upperclassmen and grad students. The location is great with the bus stop across the street.",0.8670
UIUC,Illini Manor -- Is it a good apartment?,https://www.reddit.com/r/UIUC/comments/v63xcl/illini_manor_is_it_a_good_apartment/,New_Owl_7022,"If you wait until August to look for housing this term, you are going to be in a lot of trouble.  Enrollment is high, and people are eager to be back on campus after dealing with covid the past two years.  I know the market pretty well, and this is not a buyer's market this year.  Any landlord that survived covid should have virtual tours on hand for you, inquire with these companies and ask for a virtual showing / video or pictures of the unit prior to signing a lease if you can't tour in person.  Waiting until August this term will be a mistake.  Last term would have been the play since there was a lot of skepticism of being on campus with the pandemic.  People relying on that strategy this year are going to be scrambling.",0.8625
UIUC,ABSOLUTE WORST places to stay on campus,https://www.reddit.com/r/UIUC/comments/pbkthz/absolute_worst_places_to_stay_on_campus/,likecamp,So this confirms ECEB is the place to live in?,0.0000
UIUC,ABSOLUTE WORST places to stay on campus,https://www.reddit.com/r/UIUC/comments/pbkthz/absolute_worst_places_to_stay_on_campus/,wjkenrkjwenr,So…everywhere?,0.0000
UIUC,ABSOLUTE WORST places to stay on campus,https://www.reddit.com/r/UIUC/comments/pbkthz/absolute_worst_places_to_stay_on_campus/,[deleted],Great! Can’t wait to check them out 😄,0.8718
UIUC,ABSOLUTE WORST places to stay on campus,https://www.reddit.com/r/UIUC/comments/pbkthz/absolute_worst_places_to_stay_on_campus/,[deleted],"Been an RA in all of these places, can confirm",0.0000
UIUC,ABSOLUTE WORST places to stay on campus,https://www.reddit.com/r/UIUC/comments/pbkthz/absolute_worst_places_to_stay_on_campus/,LegendaryPhoenx,iHotel isn’t on this list 👀👀👀,0.0000
UIUC,ABSOLUTE WORST places to stay on campus,https://www.reddit.com/r/UIUC/comments/pbkthz/absolute_worst_places_to_stay_on_campus/,[deleted],DO NOT LEASE AT WEST QUAD.,0.0000
UIUC,ABSOLUTE WORST places to stay on campus,https://www.reddit.com/r/UIUC/comments/pbkthz/absolute_worst_places_to_stay_on_campus/,livesinmomsbasement,I’d like to add anything Green Street Realty.,0.3612
UIUC,ABSOLUTE WORST places to stay on campus,https://www.reddit.com/r/UIUC/comments/pbkthz/absolute_worst_places_to_stay_on_campus/,omtriestobefunny,yes,0.4019
UIUC,ABSOLUTE WORST places to stay on campus,https://www.reddit.com/r/UIUC/comments/pbkthz/absolute_worst_places_to_stay_on_campus/,Mangoboooom,So you basically mean that we shouldn’t stay on campus at all,0.0000
UIUC,ABSOLUTE WORST places to stay on campus,https://www.reddit.com/r/UIUC/comments/pbkthz/absolute_worst_places_to_stay_on_campus/,Triangable,"It appears Urbana area apartments are mostly unscathed, post brought to you by Urbana gang",0.0000
UIUC,ABSOLUTE WORST places to stay on campus,https://www.reddit.com/r/UIUC/comments/pbkthz/absolute_worst_places_to_stay_on_campus/,chell0wFTW,# SOuth 3rd Lofts,0.0000
UIUC,ABSOLUTE WORST places to stay on campus,https://www.reddit.com/r/UIUC/comments/pbkthz/absolute_worst_places_to_stay_on_campus/,Poseidon___,So the only good places are pch frat houses? Writing that down rq.,0.4877
UIUC,ABSOLUTE WORST places to stay on campus,https://www.reddit.com/r/UIUC/comments/pbkthz/absolute_worst_places_to_stay_on_campus/,[deleted],Hub Champaign Daniel,0.0516
UIUC,ABSOLUTE WORST places to stay on campus,https://www.reddit.com/r/UIUC/comments/pbkthz/absolute_worst_places_to_stay_on_campus/,[deleted],"Okay, thanks for the advice. Can you recommend some places off campus to stay away from as well?",0.8126
UIUC,ABSOLUTE WORST places to stay on campus,https://www.reddit.com/r/UIUC/comments/pbkthz/absolute_worst_places_to_stay_on_campus/,Helpful_Fennel7160,Bro how is 501 south sixth bad lmaoooo,-0.5423
UIUC,ABSOLUTE WORST places to stay on campus,https://www.reddit.com/r/UIUC/comments/pbkthz/absolute_worst_places_to_stay_on_campus/,adopt_black_cats,Don't go to Campus Circle! The staff does not respect your rights!,-0.4833
UIUC,ABSOLUTE WORST places to stay on campus,https://www.reddit.com/r/UIUC/comments/pbkthz/absolute_worst_places_to_stay_on_campus/,Fourthhero,Was gonna recommend Green Street Reality but Green Balcony Apartments works perfectly,0.8201
UIUC,ABSOLUTE WORST places to stay on campus,https://www.reddit.com/r/UIUC/comments/pbkthz/absolute_worst_places_to_stay_on_campus/,U_eat_babies,ISR is dogshit Source live in isr /j,0.0000
UIUC,ABSOLUTE WORST places to stay on campus,https://www.reddit.com/r/UIUC/comments/pbkthz/absolute_worst_places_to_stay_on_campus/,Helpful_Fennel7160,Add Burnham 310 to the list please,0.3182
UIUC,ABSOLUTE WORST places to stay on campus,https://www.reddit.com/r/UIUC/comments/pbkthz/absolute_worst_places_to_stay_on_campus/,KamsTeachAssistant,Interesting none of the campus town bars are on this list. I will just go on a never-ending barcrawl and live at the bars,0.4019
UIUC,ABSOLUTE WORST places to stay on campus,https://www.reddit.com/r/UIUC/comments/pbkthz/absolute_worst_places_to_stay_on_campus/,n8rgrl,Add Fairlawn properties as well!,0.3382
UIUC,ABSOLUTE WORST places to stay on campus,https://www.reddit.com/r/UIUC/comments/pbkthz/absolute_worst_places_to_stay_on_campus/,sailoranonymousgoose,me sitting in PCH rn… also can confirm TVD isn’t that great. nice people (most of the time) but it really needs an update. especially AC,0.5346
UIUC,ABSOLUTE WORST places to stay on campus,https://www.reddit.com/r/UIUC/comments/pbkthz/absolute_worst_places_to_stay_on_campus/,[deleted],Can confirm. Already found 2 dead crickets in my apartment and I just moved in on Sunday,-0.6486
UIUC,ABSOLUTE WORST places to stay on campus,https://www.reddit.com/r/UIUC/comments/pbkthz/absolute_worst_places_to_stay_on_campus/,add2ad,Where is weiner property management on this list?,0.0000
UIUC,ABSOLUTE WORST places to stay on campus,https://www.reddit.com/r/UIUC/comments/pbkthz/absolute_worst_places_to_stay_on_campus/,[deleted],"Avoid anything run by Green St Realty, you'll regret it.",-0.6124
UIUC,ABSOLUTE WORST places to stay on campus,https://www.reddit.com/r/UIUC/comments/pbkthz/absolute_worst_places_to_stay_on_campus/,Ok-Advantage2603,what’s wrong with ISR?,-0.4767
UIUC,Illini Tower - In Depth Review from a Resident and Employee Perspective,https://www.reddit.com/r/UIUC/comments/1dalccg/illini_tower_in_depth_review_from_a_resident_and/,IT_IS_I_THE_GREAT,Thank you for ur service good sir. You have saved a lot of students from the pain of Illini Tower,0.5994
UIUC,Illini Tower - In Depth Review from a Resident and Employee Perspective,https://www.reddit.com/r/UIUC/comments/1dalccg/illini_tower_in_depth_review_from_a_resident_and/,androstudios,"As someone who also lived there 22-23, this sounds exactly like IT. Do not live there!",0.4199
UIUC,Illini Tower - In Depth Review from a Resident and Employee Perspective,https://www.reddit.com/r/UIUC/comments/1dalccg/illini_tower_in_depth_review_from_a_resident_and/,Chicken-cat,"I lived there 22-23 I was doing my laundry late one night and when I went downstairs there was a homeless guy with no shirt and a towel in his waist in the laundry room.   Also around december 22 the keycard machine broke. IT used hotel keycards so they were easily deactivated, but since the machine was broken they could not be prepared. This meant that my roomates and I weren't able to lock our room for about 2 months.   Also during this time some mormon missionaries walked into the building and were going door to door talking to people in the building.  Also the food was awful. I don't blame the kitchen staff they were all really nice and just working with what they had also when they had specials it was actually good. I rember going to ikenberry one time for lunch and being shicked at how good it was.As someone with many allergies I could barely eat anything they served. Most nights my dinner was a bowl of fruit and a bowl of cereal . Also I kept getting sick from spoiled food. The yogurt and milk were the main culprits.",-0.2200
UIUC,Illini Tower - In Depth Review from a Resident and Employee Perspective,https://www.reddit.com/r/UIUC/comments/1dalccg/illini_tower_in_depth_review_from_a_resident_and/,Think_Drive_1727,This post shall be published on Elsevier right now based on its contribution to generations of upcoming freshmen 🫡,0.0000
UIUC,Illini Tower - In Depth Review from a Resident and Employee Perspective,https://www.reddit.com/r/UIUC/comments/1dalccg/illini_tower_in_depth_review_from_a_resident_and/,FanOk9430,I was there for 22-23 and this is spot on. My bike was locked up in the garage (with the appropriate sticker on it) and they decided to move the rack for another parking spot. They cut my lock and left my bike off to the side unlocked for I don’t even know how long (it happened during winter when I couldn’t ride it anyway) so my bike was stolen. It took a lot to get them to pay for it and they didn’t pay it until the middle of summer (I reported this in early March).,-0.7269
UIUC,Illini Tower - In Depth Review from a Resident and Employee Perspective,https://www.reddit.com/r/UIUC/comments/1dalccg/illini_tower_in_depth_review_from_a_resident_and/,s4tqrn,i followed heavy eating restrictions due to my health when i lived at IT and they allowed me to keep a blender in the kitchen bc it went over the wattage limit. one day i couldnt find it and had to ask 4 different people where it got moved and the last person (kitchen staff i believe) told me they had no idea who’s it was and they (the kitchen) had been using it for meal prep ??!,-0.4314
UIUC,Illini Tower - In Depth Review from a Resident and Employee Perspective,https://www.reddit.com/r/UIUC/comments/1dalccg/illini_tower_in_depth_review_from_a_resident_and/,sudosussudio,Y’all should unionize,0.0000
UIUC,Illini Tower - In Depth Review from a Resident and Employee Perspective,https://www.reddit.com/r/UIUC/comments/1dalccg/illini_tower_in_depth_review_from_a_resident_and/,Adorable-Vehicle-575,These are all very factual points. It’s really a shame especially with the location that it’s in. Better off in FAR or PAR than this place. Also with this building mainly being international kids the family and community aspect is not there at all. These group of individuals although being new to America often think they’re better than everyone else and leave huge messes everywhere even though they were the cause. This is just what I’ve heard personally from people and seeing it first hand.,0.7732
UIUC,Illini Tower - In Depth Review from a Resident and Employee Perspective,https://www.reddit.com/r/UIUC/comments/1dalccg/illini_tower_in_depth_review_from_a_resident_and/,[deleted],[deleted],0.0000
UIUC,Is Illini Tower a fine place to live for freshman?,https://www.reddit.com/r/UIUC/comments/1bzpwkf/is_illini_tower_a_fine_place_to_live_for_freshman/,[deleted],[deleted],0.0000
UIUC,Is Illini Tower a fine place to live for freshman?,https://www.reddit.com/r/UIUC/comments/1bzpwkf/is_illini_tower_a_fine_place_to_live_for_freshman/,Finnmom2017,"Newman Hall is centrally located, close to engineering quad, has good food and longer dining hours than University Housing and to-go lunches if can't make back to dorm.  Its more of a community with many social activities and has weekly housekeeping. With PCH you are guaranteed your spot, with the university housing it does depend on what lottery number you pull. You could wind up in a great dorm or an old, un air conditioned dorm. If you are a girl, you could apply for WIMSE LLC and guaranteed in Trelease Hall in FAR has bus stop just outside dorm. Just be aware.",0.8074
UIUC,Is Illini Tower a fine place to live for freshman?,https://www.reddit.com/r/UIUC/comments/1bzpwkf/is_illini_tower_a_fine_place_to_live_for_freshman/,kulivirgoswen,"Do not live there. I lived there last school year and it was horrible, just look at old comments on this sub and you’ll see",-0.5423
UIUC,Is Illini Tower a fine place to live for freshman?,https://www.reddit.com/r/UIUC/comments/1bzpwkf/is_illini_tower_a_fine_place_to_live_for_freshman/,Bratsche_Broad,"Use the Reddit search bar. There are many negative comments going back for years. I really wanted to dorm there as a freshman to have my own kitchen, but the reports of flooding and other problems convinced me to live elsewhere. You will see negatives/problems about most housing options, but IT seems to be consistently bad. Hendrick House would be a better location than IT for engineering students, but you will have classes all over campus. I suggest focusing on other things that you might really need, like air conditioning, a single bedroom, or a relatively private bathroom.",0.1072
UIUC,Is Illini Tower a fine place to live for freshman?,https://www.reddit.com/r/UIUC/comments/1bzpwkf/is_illini_tower_a_fine_place_to_live_for_freshman/,[deleted],"If location is all you care your best bet is to be close to main quad. Classes aren't always held in the associated department's building, however engineering and adjacent classes, i.e. math and physics, generally tend around the main/north quad. In this regard the best halls for location will be Presby, Illini or Newman. I know Newman and Presby are very nice (food and amenities) but I'm not sure about Illini. I know there are negative comments online but I also know people who have had good experiences there.  In general speaking about PCH vs. university housing, PCH will give a much better quality of life while university housing leads to a better social life. PCH usually means you have your own bathroom and the rooms are much larger and nicer. The food is also better in terms of taste and nutrition (but no convenience). It is usually more expensive than university housing but in terms of quality of life per dollar spent, PCH is generally better.   In terms of social life, many PCH are filled with international students. This is not true of Newman (Catholic oriented), Bromley (Party Oriented) and Hendrick (Engineering Oriented). For the other halls, you likely won't meet too many other freshman (if any) in your major. You will have friends in your classes, however many of them will live together in univ. halls while you will not.",0.9795
